0,1,2,3,4,5,6,7,8,9,10,11,12,13,14,15,16,17,18,19,20,21,22,23,24,25,26,27,28,29,30,31,32,33,34,35,36,37,38,39,40,41,42,43,44,45,46,47,48,49,50,51,52,53,54,55,56,57,58,59,60,61,62,63,64,65,66,67,68,69,70,71,72,73,74,75,76,77,78,79,80,81,82,83,84,85,86,87,88,89,90,91,92,93,94,95
0.0,0.0,0.0,0.0,0.0,0.0,0.0,0.0,0.0,0.0,0.0,0.0,0.0,0.0,0.0,0.0,0.4328530048621999,0.4398772042400819,0.44715910692960603,0.45470809410257274,0.46253388706745746,0.47064655953300316,0.47905655030834454,0.48777467645464634,0.4968121469036924,0.5061805765593183,0.5158920008980459,0.5259588910857425,0.5363941696275971,0.5472112265691715,0.5584239362667539,0.5700466747456989,0.5820943376658914,0.5945823589139128,0.6075267298419094,0.6209440191735653,0.6348513935979581,0.6492666390724091,0.6642081828557447,0.6796951162936171,0.6995739442310808,0.703120043521861,0.6903334141659575,0.6781198031503437,0.6664591066683984,0.6553319262365453,0.6447195439486617,0.6346038985986611,0.0,0.0,0.0,0.0,0.0,0.0,0.0,0.0,0.0,0.0,0.0,0.0,0.0,0.0,0.0,0.0,0.0,0.0,0.0,0.0,0.0,0.0,0.0,0.0,0.0,0.0,0.0,0.0,0.0,0.0,0.0,0.0,0.0,0.0,0.0,0.0,0.0,0.0,0.0,0.0,0.0,0.0,0.0,0.0,0.0,0.0,0.0,0.0
0.0,0.0,0.0,0.0,0.0,0.0,0.0,0.0,0.0,0.0,0.0,0.0,0.0,0.0,0.0,0.0,0.4398772042400819,0.44715910692960603,0.45470809410257274,0.46253388706745746,0.47064655953300316,0.47905655030834454,0.48777467645464634,0.4968121469036924,0.5061805765593183,0.5158920008980459,0.5259588910857425,0.5363941696275971,0.5472112265691715,0.5584239362667539,0.5700466747456989,0.5820943376658914,0.5945823589139128,0.6075267298419094,0.6209440191735653,0.6348513935979581,0.6492666390724091,0.6642081828557447,0.6796951162936171,0.6957472183777209,0.7162709224418529,0.7198680447440111,0.7065385852841957,0.6938029789396705,0.6816403909354348,0.6700307174648676,0.6589545600443927,0.6483932007678872,0.0,0.0,0.0,0.0,0.0,0.0,0.0,0.0,0.0,0.0,0.0,0.0,0.0,0.0,0.0,0.0,0.0,0.0,0.0,0.0,0.0,0.0,0.0,0.0,0.0,0.0,0.0,0.0,0.0,0.0,0.0,0.0,0.0,0.0,0.0,0.0,0.0,0.0,0.0,0.0,0.0,0.0,0.0,0.0,0.0,0.0,0.0,0.0
0.0,0.0,0.0,0.0,0.0,0.0,0.0,0.0,0.0,0.0,0.0,0.0,0.0,0.0,0.0,0.0,0.44715910692960603,0.45470809410257274,0.46253388706745746,0.47064655953300316,0.47905655030834454,0.48777467645464634,0.4968121469036924,0.5061805765593183,0.5158920008980459,0.5259588910857425,0.5363941696275971,0.5472112265691715,0.5584239362667539,0.5700466747456989,0.5820943376658914,0.5945823589139128,0.6075267298419094,0.6209440191735653,0.6348513935979581,0.6492666390724091,0.6642081828557447,0.6796951162936171,0.6957472183777209,0.7123849801008352,0.7335766423357664,0.7372262773722628,0.7233338852103243,0.7100569384848469,0.6973738448746597,0.6852637696047621,0.6737066088685331,0.6626829641823961,0.0,0.0,0.0,0.0,0.0,0.0,0.0,0.0,0.0,0.0,0.0,0.0,0.0,0.0,0.0,0.0,0.0,0.0,0.0,0.0,0.0,0.0,0.0,0.0,0.0,0.0,0.0,0.0,0.0,0.0,0.0,0.0,0.0,0.0,0.0,0.0,0.0,0.0,0.0,0.0,0.0,0.0,0.0,0.0,0.0,0.0,0.0,0.0
0.0,0.0,0.0,0.0,0.0,0.0,0.0,0.0,0.0,0.0,0.0,0.0,0.0,0.0,0.0,0.0,0.44699305916823173,0.4545383357766985,0.4623602923952358,0.4704689969825593,0.4788748822654048,0.48758875886684255,0.49662182889960926,0.5059857000401672,0.5156924000996426,0.5257543921082374,0.536184589930154,0.5469963744265096,0.5582036101841517,0.5698206628287069,0.581862416940612,0.5943442945932618,0.6072822745327845,0.6206929120192942,0.634593359349776,0.6490013870830192,0.6639354059872231,0.6794144897310375,0.6954583983388615,0.7120876024311947,0.7333333333333334,0.737037037037037,0.7231987135423058,0.7099758354840359,0.6973468105410561,0.6852908039383658,0.673787711869344,0.6628181358504146,0.0,0.0,0.0,0.0,0.0,0.0,0.0,0.0,0.0,0.0,0.0,0.0,0.0,0.0,0.0,0.0,0.0,0.0,0.0,0.0,0.0,0.0,0.0,0.0,0.0,0.0,0.0,0.0,0.0,0.0,0.0,0.0,0.0,0.0,0.0,0.0,0.0,0.0,0.0,0.0,0.0,0.0,0.0,0.0,0.0,0.0,0.0,0.0
0.0,0.0,0.0,0.0,0.0,0.0,0.0,0.0,0.0,0.0,0.0,0.0,0.0,0.0,0.0,0.0,0.44682330084235744,0.4543647411044768,0.46218272984479186,0.47028732893961955,0.478688964677601,0.4873984408627594,0.4964269523804582,0.505786099241764,0.5154879011221375,0.5255448124107942,0.5359697377874921,0.5467760483439075,0.5579775982671596,0.5695887421034276,0.581624352619961,0.594099839284137,0.6070311673785134,0.6204348777711122,0.6343281073603861,0.6487286102144977,0.6636547794246435,0.6791256696921779,0.695161020669221,0.7117812810722418,0.7330827067669172,0.7368421052631579,0.7406015037593985,0.7268188750572042,0.713651691791471,0.7010783616410282,0.6890780498308748,0.67763065255439,0.0,0.0,0.0,0.0,0.0,0.0,0.0,0.0,0.0,0.0,0.0,0.0,0.0,0.0,0.0,0.0,0.0,0.0,0.0,0.0,0.0,0.0,0.0,0.0,0.0,0.0,0.0,0.0,0.0,0.0,0.0,0.0,0.0,0.0,0.0,0.0,0.0,0.0,0.0,0.0,0.0,0.0,0.0,0.0,0.0,0.0,0.0,0.0
0.0,0.0,0.0,0.0,0.0,0.0,0.0,0.0,0.0,0.0,0.0,0.0,0.0,0.0,0.0,0.0,0.4466497061701358,0.4541871785540329,0.46200106180185213,0.4701014113518157,0.4784986466735178,0.48720356434360834,0.496227351582055,0.5055816002642588,0.5152783214246943,0.5253299602681325,0.53574941170489,0.5465500364269155,0.5577456775418803,0.5693506777827765,0.5813798973108362,0.5938487321298659,0.6067731331303313,0.6201696257817223,0.6340553304918646,0.6484479836519179,0.663365959385784,0.6788282920225375,0.6948546993102681,0.7114656063893514,0.732824427480916,0.7190991941756109,0.7404580152671756,0.7267327819618704,0.7136229940930265,0.7011070593394728,0.6891641429262085,0.6777741410466129,0.0,0.0,0.0,0.0,0.0,0.0,0.0,0.0,0.0,0.0,0.0,0.0,0.0,0.0,0.0,0.0,0.0,0.0,0.0,0.0,0.0,0.0,0.0,0.0,0.0,0.0,0.0,0.0,0.0,0.0,0.0,0.0,0.0,0.0,0.0,0.0,0.0,0.0,0.0,0.0,0.0,0.0,0.0,0.0,0.0,0.0,0.0,0.0
0.0,0.0,0.0,0.0,0.0,0.0,0.0,0.0,0.0,0.0,0.0,0.0,0.0,0.0,0.0,0.0,0.4464721436196919,0.45400551051109317,0.46181514421404835,0.4699110933477325,0.47830377015436676,0.48700396354520514,0.49602285260454987,0.5053720205668157,0.5150634692820326,0.5251096341855301,0.535523399787898,0.5463181157016361,0.5575076132212293,0.5691062224736516,0.581128790156565,0.5935906978816838,0.6065078811409415,0.6198968489132007,0.6337747039292848,0.6481591636130586,0.6630685817161436,0.6785219706635846,0.6945390246273777,0.7111401433442007,0.7325581395348837,0.7188920813286969,0.7403100775193798,0.726644019313193,0.7135934065434674,0.7011366468890319,0.689252905574886,0.6779220787944087,0.0,0.0,0.0,0.0,0.0,0.0,0.0,0.0,0.0,0.0,0.0,0.0,0.0,0.0,0.0,0.0,0.0,0.0,0.0,0.0,0.0,0.0,0.0,0.0,0.0,0.0,0.0,0.0,0.0,0.0,0.0,0.0,0.0,0.0,0.0,0.0,0.0,0.0,0.0,0.0,0.0,0.0,0.0,0.0,0.0,0.0,0.0,0.0
0.0,0.0,0.0,0.0,0.0,0.0,0.0,0.0,0.0,0.0,0.0,0.0,0.0,0.0,0.0,0.0,0.44629047557675217,0.45381959292328933,0.46162482620996514,0.4697162168285815,0.47810416935596356,0.4867994645677,0.49581327290710675,0.5051571684241539,0.5148431431994303,0.5248836222685382,0.5352914790626186,0.546080051380985,0.5572631579121045,0.5688551153193806,0.580870755908383,0.5933254458922939,0.6062351042724199,0.619616222350621,0.6334858838904254,0.6478617859434181,0.6627622603571907,0.6782062959806942,0.694213561582227,0.7108044294944785,0.7322834645669292,0.71867844524251,0.7401574803149606,0.7265524609905415,0.7135628871025835,0.7011671663299157,0.6893444638975376,0.6780746759988279,0.0,0.0,0.0,0.0,0.0,0.0,0.0,0.0,0.0,0.0,0.0,0.0,0.0,0.0,0.0,0.0,0.0,0.0,0.0,0.0,0.0,0.0,0.0,0.0,0.0,0.0,0.0,0.0,0.0,0.0,0.0,0.0,0.0,0.0,0.0,0.0,0.0,0.0,0.0,0.0,0.0,0.0,0.0,0.0,0.0,0.0,0.0,0.0
0.0,0.0,0.0,0.0,0.0,0.0,0.0,0.0,0.0,0.0,0.0,0.0,0.0,0.0,0.0,0.0,0.4461045579889483,0.4536292749192062,0.4614299496908141,0.4695166160301783,0.4778996703784585,0.4865898848702569,0.49559842076444494,0.5049368423415517,0.5146171312824384,0.5246517015432588,0.5350534147419675,0.5458355960718602,0.5570120507578333,0.5685970810711986,0.5806055039189931,0.5930526690237723,0.6059544777098402,0.6193274023117616,0.6331885062207849,0.6475554645844651,0.6624465856743003,0.6778808329355436,0.6938778477325048,0.7104579728015651,0.732,0.736,0.74,0.7264579728015651,0.7135313910395914,0.7011986623929078,0.689438952086514,0.6782321563137885,0.0,0.0,0.0,0.0,0.0,0.0,0.0,0.0,0.0,0.0,0.0,0.0,0.0,0.0,0.0,0.0,0.0,0.0,0.0,0.0,0.0,0.0,0.0,0.0,0.0,0.0,0.0,0.0,0.0,0.0,0.0,0.0,0.0,0.0,0.0,0.0,0.0,0.0,0.0,0.0,0.0,0.0,0.0,0.0,0.0,0.0,0.0,0.0
0.0,0.0,0.0,0.0,0.0,0.0,0.0,0.0,0.0,0.0,0.0,0.0,0.0,0.0,0.0,0.0,0.4536292749192062,0.4614299496908141,0.4695166160301783,0.4778996703784585,0.4865898848702569,0.49559842076444494,0.5049368423415517,0.5146171312824384,0.5246517015432588,0.5350534147419675,0.5458355960718602,0.5570120507578333,0.5685970810711986,0.5806055039189931,0.5930526690237723,0.6059544777098402,0.6193274023117616,0.6331885062207849,0.6475554645844651,0.6624465856743003,0.6621211226291496,0.6775451190858213,0.6935313910395914,0.7101002492243293,0.7317073170731707,0.7182303305251423,0.7222953711755489,0.7094338300639816,0.6971661420677047,0.6854714724117172,0.6743297172893983,0.6637214782171716,0.0,0.0,0.0,0.0,0.0,0.0,0.0,0.0,0.0,0.0,0.0,0.0,0.0,0.0,0.0,0.0,0.0,0.0,0.0,0.0,0.0,0.0,0.0,0.0,0.0,0.0,0.0,0.0,0.0,0.0,0.0,0.0,0.0,0.0,0.0,0.0,0.0,0.0,0.0,0.0,0.0,0.0,0.0,0.0,0.0,0.0,0.0,0.0
0.0,0.0,0.0,0.0,0.0,0.0,0.0,0.0,0.0,0.0,0.0,0.0,0.0,0.0,0.0,0.0,0.4614299496908141,0.4695166160301783,0.4778996703784585,0.4865898848702569,0.49559842076444494,0.5049368423415517,0.5146171312824384,0.5246517015432588,0.5350534147419675,0.5458355960718602,0.5570120507578333,0.5685970810711986,0.5806055039189931,0.5930526690237723,0.6059544777098402,0.6193274023117616,0.6331885062207849,0.6475554645844651,0.6624465856743003,0.6778808329355436,0.6617854087794274,0.6771986623929079,0.6931736674623556,0.7097307000742924,0.731404958677686,0.7179951628842097,0.7052008125271947,0.6930003152854699,0.6813728363840346,0.6702982720162678,0.6597572236985934,0.6497309735248882,0.0,0.0,0.0,0.0,0.0,0.0,0.0,0.0,0.0,0.0,0.0,0.0,0.0,0.0,0.0,0.0,0.0,0.0,0.0,0.0,0.0,0.0,0.0,0.0,0.0,0.0,0.0,0.0,0.0,0.0,0.0,0.0,0.0,0.0,0.0,0.0,0.0,0.0,0.0,0.0,0.0,0.0,0.0,0.0,0.0,0.0,0.0,0.0
0.0,0.0,0.0,0.0,0.0,0.0,0.0,0.0,0.0,0.0,0.0,0.0,0.0,0.0,0.0,0.0,0.0,0.0,0.0,0.0,0.0,0.0,0.0,0.0,0.0,0.0,0.0,0.0,0.0,0.0,0.0,0.0,0.6475554645844651,0.6624465856743003,0.6778808329355436,0.6938778477325048,0.6771986623929079,0.6768409388156721,0.6928041183123187,0.7093487291040861,0.73109243697479,0.7177520904486239,0.7050271893589192,0.6928961413845045,0.6970978220567734,0.6855397924226484,0.6745346773221919,0.6640630782718275,0.0,0.0,0.0,0.0,0.0,0.0,0.0,0.0,0.0,0.0,0.0,0.0,0.0,0.0,0.0,0.0,0.6948784122557035,0.7113943740135125,0.7283409460469585,0.7457337852165211,0.7635891176614302,0.7819237594984728,0.8007551382733983,0.8201013151922931,0.8247742123885549,0.8294471095848165,0.8341200067810781,0.8387929039773399,0.8434658011736016,0.8481386983698632,0.8528115955661248,0.8574844927623866,0.8621573899586483,0.86683028715491,0.8715031843511716,0.8615028018248001,0.8520172174423981,0.8566901146386597,0.8755214934135852,0.89486767033248,0.8760359408113387,0.8578688634809599,0.8403404202832151,0.8234257803404544,0.8071012304147196,0.7913441109176198,0.7761327568915265,0.7614464434555018
0.0,0.0,0.0,0.0,0.0,0.0,0.0,0.0,0.0,0.0,0.0,0.0,0.0,0.0,0.0,0.0,0.0,0.0,0.0,0.0,0.0,0.0,0.0,0.0,0.0,0.0,0.0,0.0,0.0,0.0,0.0,0.0,0.6624465856743003,0.6778808329355436,0.6938778477325048,0.7104579728015651,0.6931736674623556,0.6928041183123187,0.6924221473421124,0.7089536992972916,0.7307692307692308,0.7175007078443001,0.7048476303558308,0.709121134629335,0.7133946389028393,0.70133541452966,0.6898492084967703,0.6789159169975492,0.0,0.0,0.0,0.0,0.0,0.0,0.0,0.0,0.0,0.0,0.0,0.0,0.0,0.0,0.0,0.0,0.7089911697411493,0.7260267493402386,0.7435085960754441,0.7614529360859964,0.779876585488682,0.7987969718292505,0.8182321563137884,0.8382008568484187,0.8429627616103235,0.8477246663722282,0.852486571134133,0.8572484758960377,0.8620103806579424,0.8667722854198473,0.871534190181752,0.8762960949436568,0.8810579997055616,0.8858199044674664,0.8905818092293711,0.8801369182185503,0.870225543257822,0.8749874480197267,0.8944226325042646,0.9143913330388949,0.89486767033248,0.8760359408113387,0.8578688634809599,0.8403404202832151,0.8234257803404544,0.8071012304147196,0.7913441109176198,0.7761327568915265
0.0,0.0,0.0,0.0,0.0,0.0,0.0,0.0,0.0,0.0,0.0,0.0,0.0,0.0,0.0,0.0,0.0,0.0,0.0,0.0,0.0,0.0,0.0,0.0,0.0,0.0,0.0,0.0,0.0,0.0,0.0,0.0,0.6778808329355436,0.6938778477325048,0.7104579728015651,0.7276422764227642,0.7097307000742924,0.7093487291040861,0.7089536992972916,0.7085449293233043,0.7304347826086957,0.7347826086956522,0.7215884075841739,0.7259362336711304,0.7302840597580869,0.7177053040830697,0.7057204015233427,0.6943085173039052,0.0,0.0,0.0,0.0,0.0,0.0,0.0,0.0,0.0,0.0,0.0,0.0,0.0,0.0,0.0,0.0,0.7236226809167526,0.7411969918220922,0.7592337960027786,0.7777499095755983,0.796762760086301,0.8162904087409729,0.8363515734457372,0.85696565268417,0.8618200216162089,0.8666743905482477,0.8715287594802865,0.8763831284123254,0.8812374973443642,0.886091866276403,0.8909462352084419,0.8958006041404807,0.9006549730725195,0.9055093420045583,0.9103637109365972,0.8994583695622421,0.8891059427215555,0.8939603116535944,0.9140214763583586,0.9346355555967913,0.9143913330388949,0.89486767033248,0.8760359408113387,0.8578688634809599,0.8403404202832151,0.8234257803404544,0.8071012304147196,0.7913441109176198
0.0,0.0,0.0,0.0,0.0,0.0,0.0,0.0,0.0,0.0,0.0,0.0,0.0,0.0,0.0,0.0,0.0,0.0,0.0,0.0,0.0,0.0,0.0,0.0,0.0,0.0,0.0,0.0,0.0,0.0,0.0,0.0,0.6775451190858213,0.6935313910395914,0.7101002492243293,0.7272727272727273,0.726890756302521,0.7264957264957265,0.7260869565217392,0.7256637168141593,0.7300884955752213,0.7345132743362832,0.7389380530973452,0.7433628318584071,0.747787610619469,0.734670362182096,0.7221685591811844,0.7102606092955628,0.0,0.0,0.0,0.0,0.0,0.0,0.0,0.0,0.0,0.0,0.0,0.0,0.0,0.0,0.0,0.0,0.7387938388854394,0.7569267691835919,0.7755390088738776,0.7946479855020464,0.8142717602741845,0.834429051096415,0.8551392564523139,0.8764224801485023,0.8813729751980073,0.8863234702475122,0.8912739652970172,0.8962244603465221,0.9011749553960271,0.906125450445532,0.911075945495037,0.916026440544542,0.9209769355940469,0.9259274306435519,0.9308779256930568,0.9194956920958781,0.9086864768389892,0.9136369718884941,0.934347177244393,0.9556304009405815,0.9346355555967913,0.9143913330388949,0.89486767033248,0.8760359408113387,0.8578688634809599,0.8403404202832151,0.8234257803404544,0.8071012304147196
0.0,0.0,0.0,0.0,0.0,0.0,0.0,0.0,0.0,0.0,0.0,0.0,0.0,0.0,0.0,0.0,0.0,0.0,0.0,0.0,0.0,0.0,0.0,0.0,0.0,0.0,0.0,0.0,0.0,0.0,0.0,0.0,0.6614389520865139,0.6768409388156721,0.6928041183123187,0.7093487291040861,0.7089536992972916,0.7260869565217392,0.7081216896157244,0.7076831980267904,0.7297297297297297,0.7166922070357993,0.7211967115403038,0.7257012160448084,0.7302057205493129,0.7177836432918436,0.7059554191496646,0.6947002133477752,0.0,0.0,0.0,0.0,0.0,0.0,0.0,0.0,0.0,0.0,0.0,0.0,0.0,0.0,0.0,0.0,0.7545265291595895,0.7732387788508753,0.7924477654800441,0.8121715502531823,0.832428851076413,0.8532390664333119,0.8746223001305005,0.8965993869429792,0.9016498919934843,0.9067003970439893,0.9117509020944944,0.9168014071449995,0.9218519121955044,0.9269024172460095,0.9319529222965146,0.9370034273470196,0.9420539323975248,0.9471044374480297,0.9521549424985348,0.9402788657870662,0.9289966421908877,0.9340471472413927,0.9554303809385813,0.97740746775106,0.9556304009405815,0.9346355555967913,0.9143913330388949,0.89486767033248,0.8760359408113387,0.8578688634809599,0.8403404202832151,0.8234257803404544
0.0,0.0,0.0,0.0,0.0,0.0,0.0,0.0,0.0,0.0,0.0,0.0,0.0,0.0,0.0,0.0,0.0,0.0,0.0,0.0,0.0,0.0,0.0,0.0,0.0,0.0,0.0,0.0,0.0,0.0,0.0,0.0,0.6458744327365527,0.6607116793592412,0.6760894186954289,0.6920271175353179,0.7085449293233043,0.7256637168141593,0.7252252252252253,0.7247706422018348,0.7293577981651376,0.7164029269300055,0.7040635011313345,0.7086506570946373,0.71323781305794,0.7014922403745593,0.6903196860314681,0.6797000462220453,0.0,0.0,0.0,0.0,0.0,0.0,0.0,0.0,0.0,0.0,0.0,0.0,0.0,0.0,0.0,0.0,0.7708436939815637,0.7901568147354852,0.8099847336333761,0.8303461685813593,0.8512605180630111,0.8727478858849522,0.8948291068221836,0.9175257731958764,0.9226804123711341,0.9278350515463918,0.9329896907216495,0.9381443298969072,0.9432989690721649,0.9484536082474226,0.9536082474226804,0.9587628865979381,0.9639175257731959,0.9690721649484536,0.9742268041237113,0.9618394161005341,0.9500674735138182,0.9552221126890759,0.9773033336263074,1.0,0.97740746775106,0.9556304009405815,0.9346355555967913,0.9143913330388949,0.89486767033248,0.8760359408113387,0.8578688634809599,0.8403404202832151
0.0,0.0,0.0,0.0,0.0,0.0,0.0,0.0,0.0,0.0,0.0,0.0,0.0,0.0,0.0,0.0,0.0,0.0,0.0,0.0,0.0,0.0,0.0,0.0,0.0,0.0,0.0,0.0,0.0,0.0,0.0,0.0,0.6308316038638826,0.6451229126163095,0.6599346785822404,0.675285618914647,0.6911951078537507,0.7076831980267904,0.7072286150034,0.7242990654205608,0.7289719626168224,0.7161028326146492,0.7038491480489372,0.6921893165985153,0.6968622137947771,0.6857754006846448,0.675241502108181,0.6652411195818095,0.0,0.0,0.0,0.0,0.0,0.0,0.0,0.0,0.0,0.0,0.0,0.0,0.0,0.0,0.0,0.0,0.765689054806306,0.7850021755602274,0.8048300944581184,0.8251915294061016,0.8461058788877532,0.8675932467096945,0.8896744676469259,0.9123711340206185,0.8999837459974414,0.9051383851726991,0.9102930243479568,0.9154476635232146,0.9206023026984723,0.92575694187373,0.9309115810489879,0.9360662202242456,0.9412208593995033,0.946375498574761,0.9690721649484536,0.9566847769252764,0.9449128343385604,0.9500674735138182,0.9721486944510496,0.9948453608247423,0.972356962700555,0.9506799058910765,0.9297811866647525,0.9096294282769901,0.8901947731362183,0.8714487848480361,0.8533643589764555,0.8359156415221531
0.0,0.0,0.0,0.0,0.0,0.0,0.0,0.0,0.0,0.0,0.0,0.0,0.0,0.0,0.0,0.0,0.0,0.0,0.0,0.0,0.0,0.0,0.0,0.0,0.0,0.0,0.0,0.0,0.0,0.0,0.0,0.0,0.6162911513150126,0.6300546030868818,0.6443191128355276,0.6591026689006733,0.6744238876181331,0.6903020332414262,0.7067570382221259,0.7238095238095238,0.7285714285714285,0.7157913061348984,0.7036266291348294,0.6920558052500507,0.6810579997055616,0.6706131086947409,0.6607017337340124,0.6513051569172534,0.0,0.0,0.0,0.0,0.0,0.0,0.0,0.0,0.0,0.0,0.0,0.0,0.0,0.0,0.0,0.0,0.7605344156310483,0.7798475363849697,0.7996754552828607,0.8200368902308439,0.8409512397124955,0.8624386075344368,0.8845198284716682,0.9072164948453608,0.8948291068221836,0.8830571642354677,0.8882118034107254,0.8933664425859831,0.8985210817612409,0.9036757209364986,0.9088303601117563,0.9139849992870142,0.9191396384622719,0.9412208593995033,0.9639175257731959,0.9515301377500187,0.9566847769252764,0.9618394161005341,0.9669940552757919,0.9896907216494846,0.96730645765005,0.9457294108415716,0.9249268177327137,0.9048675235150854,0.8855218759399567,0.8668616288847333,0.848859854471951,0.8314908627610912
0.0,0.0,0.0,0.0,0.0,0.0,0.0,0.0,0.0,0.0,0.0,0.0,0.0,0.0,0.0,0.0,0.0,0.0,0.0,0.0,0.0,0.0,0.0,0.0,0.0,0.0,0.0,0.0,0.0,0.0,0.0,0.0,0.615896121508218,0.6296458331128945,0.6438958731279477,0.6586641773117392,0.6739693045947428,0.6898304564601522,0.7062674966110889,0.7233009708737864,0.7281553398058253,0.7154676815394292,0.7033954687094943,0.6919171089948497,0.6810117676204945,0.6706593407798078,0.6608404299892136,0.6515363173425885,0.0,0.0,0.0,0.0,0.0,0.0,0.0,0.0,0.0,0.0,0.0,0.0,0.0,0.0,0.0,0.0,0.7553797764557905,0.774692897209712,0.794520816107603,0.8148822510555861,0.8357966005372378,0.8572839683591791,0.8793651892964105,0.9020618556701031,0.8896744676469259,0.8779025250602099,0.8667244355887842,0.8718790747640419,0.8770337139392996,0.8821883531145573,0.8873429922898151,0.8924976314650728,0.9139849992870142,0.9360662202242456,0.9587628865979381,0.9639175257731959,0.9690721649484536,0.9742268041237113,0.9793814432989691,0.9845360824742269,0.9622559525995449,0.9407789157920666,0.9200724488006748,0.9001056187531806,0.880848978743695,0.8622744729214306,0.8443553499674465,0.8270660840000292
0.0,0.0,0.0,0.0,0.0,0.0,0.0,0.0,0.0,0.0,0.0,0.0,0.0,0.0,0.0,0.0,0.0,0.0,0.0,0.0,0.0,0.0,0.0,0.0,0.0,0.0,0.0,0.0,0.0,0.0,0.0,0.0,0.6154873515342306,0.6292225934053146,0.6434573815390137,0.6582095942883488,0.6734977278134686,0.6893409148491152,0.7057589436753515,0.7227722772277227,0.7277227722772277,0.7151312401282978,0.703155153415829,0.6917729198186504,0.6809637045617615,0.670707403838541,0.6609846191654127,0.651776632636254,0.0,0.0,0.0,0.0,0.0,0.0,0.0,0.0,0.0,0.0,0.0,0.0,0.0,0.0,0.0,0.0,0.7643836188591966,0.7842115377570874,0.8045729727050707,0.8097276118803284,0.83064196136198,0.8521293291839214,0.8742105501211528,0.8969072164948453,0.8845198284716682,0.8727478858849522,0.8615697964135265,0.8509647252823902,0.8561193644576479,0.8612740036329056,0.8664286428081635,0.8715832819834212,0.8924976314650728,0.9139849992870142,0.9360662202242456,0.9412208593995033,0.946375498574761,0.9515301377500187,0.9566847769252764,0.9618394161005341,0.9402788657870662,0.9194956920958781,0.8994583695622421,0.8801369182185503,0.8615028018248001,0.843528835379464,0.8261891008221611,0.8094588699903198
0.0,0.0,0.0,0.0,0.0,0.0,0.0,0.0,0.0,0.0,0.0,0.0,0.0,0.0,0.0,0.0,0.0,0.0,0.0,0.0,0.0,0.0,0.0,0.0,0.0,0.0,0.0,0.0,0.0,0.0,0.0,0.0,0.6292225934053146,0.6287841018163806,0.6430027985156234,0.6577380175070747,0.6730081862024317,0.6888323619133778,0.7052302500292879,0.7222222222222222,0.7272727272727273,0.7147812051247975,0.7029051284133288,0.6916229048171503,0.6809136995612615,0.670757408839041,0.6611346341669129,0.666185139217418,0.0,0.0,0.0,0.0,0.0,0.0,0.0,0.0,0.0,0.0,0.0,0.0,0.0,0.0,0.0,0.0,0.773902259406572,0.7942636943545551,0.8151780438362068,0.8203326830114646,0.8254873221867223,0.8469746900086635,0.8690559109458951,0.8917525773195876,0.8793651892964105,0.8675932467096945,0.8564151572382688,0.8615697964135265,0.8667244355887842,0.8718790747640419,0.8612740036329056,0.851221847035438,0.8715832819834212,0.8924976314650728,0.9139849992870142,0.9191396384622719,0.9242942776375296,0.9294489168127873,0.934603555988045,0.9397581951633027,0.9188956320898776,0.8987854867399794,0.8793972048574779,0.8607017337340124,0.8426714230498746,0.8252799347753804,0.8085021610690091,0.7923141492559571
0.43184460150085535,0.43884611534772133,0.4461045579889483,0.4536292749192062,0.4614299496908141,0.4695166160301783,0.4778996703784585,0.4865898848702569,0.49559842076444494,0.5049368423415517,0.5146171312824384,0.5246517015432588,0.5350534147419675,0.5458355960718602,0.5570120507578333,0.5685970810711986,0.5806055039189931,0.5930526690237723,0.6059544777098402,0.6193274023117616,0.6331885062207849,0.6475554645844651,0.6624465856743003,0.6778808329355436,0.6775451190858213,0.6771986623929079,0.6768409388156721,0.6764713896656351,0.6760894186954289,0.6756943888886344,0.6595259086082531,0.6438958731279477,0.6434573815390137,0.6430027985156234,0.6577380175070747,0.6730081862024317,0.6888323619133778,0.6883036682673142,0.7046801950237873,0.7216494845360825,0.7268041237113402,0.714416735688163,0.702644793101447,0.6914667036300213,0.6808616324988851,0.6860162716741428,0.6759641150766751,0.6811187542519328,0.6862733934271905,0.6914280326024482,0.6965826717777059,0.7017373109529637,0.7068919501282214,0.7120465893034792,0.7172012284787369,0.73756266342672,0.7584770129083718,0.779964380730313,0.7851190199055708,0.7902736590808286,0.7790955696094027,0.7684904984782666,0.7584383418807987,0.7635929810560564,0.7839544160040397,0.8048687654856914,0.8263561333076326,0.8315107724828903,0.8366654116581481,0.8418200508334058,0.8639012717706372,0.8865979381443299,0.8742105501211528,0.8624386075344368,0.8675932467096945,0.8727478858849522,0.8779025250602099,0.8830571642354677,0.8718790747640419,0.8612740036329056,0.0,0.0,0.0,0.0,0.0,0.0,0.0,0.0,0.0,0.0,0.0,0.0,0.0,0.0,0.0,0.0
0.4361706405335182,0.4434003021663475,0.4508956163151022,0.4586662463283083,0.4667222048525336,0.47507386632566057,0.48373197990512334,0.49270768284499494,0.5020125143361036,0.5116584298236342,0.5216578158169253,0.5320235052064094,0.5427687931028393,0.5539074532141179,0.5654537547751629,0.5774224800463141,0.5898289423957904,0.6026890049816398,0.6160191000484627,0.6298362488539291,0.6441580822397144,0.65900286186095,0.6743895020875643,0.6903375925899791,0.689940839858489,0.6895313910395914,0.6891086268119491,0.68867188690736,0.6882204666698435,0.6877536132618136,0.6709377928276905,0.6546778901396113,0.6541596728072346,0.6536224383250461,0.668824830617207,0.6845790100872104,0.7009045747433127,0.7002797549797829,0.6996296899732823,0.7164948453608248,0.7216494845360825,0.7092620965129053,0.714416735688163,0.702644793101447,0.6914667036300213,0.696621342805279,0.6860162716741428,0.6911709108494005,0.6963255500246583,0.7014801891999161,0.7066348283751738,0.7117894675504315,0.7169441067256892,0.7220987459009469,0.7272533850762046,0.7481677345578563,0.7696551023797975,0.791736323317029,0.7968909624922867,0.8020456016675445,0.7902736590808286,0.7790955696094027,0.7684904984782666,0.7736451376535243,0.794559487135176,0.8160468549571172,0.8381280758943486,0.8432827150696063,0.848437354244864,0.8535919934201218,0.8587466325953795,0.8814432989690721,0.8690559109458951,0.8742105501211528,0.8793651892964105,0.8845198284716682,0.8896744676469259,0.8948291068221836,0.8830571642354677,0.8718790747640419,0.0,0.0,0.0,0.0,0.0,0.0,0.0,0.0,0.0,0.0,0.0,0.0,0.0,0.0,0.0,0.0
0.4261303157865697,0.43306576852691203,0.0,0.0,0.0,0.0,0.0,0.0,0.0,0.0,0.0,0.0,0.0,0.0,0.5743260690681297,0.5866941461575459,0.5995148741479345,0.6128046503316404,0.6265804593249682,0.6408598935400658,0.6556611743087362,0.6710031736711034,0.6869054368411182,0.7033882053597047,0.7029304137464469,0.7024579728015651,0.7019701679235163,0.701466237264375,0.7009453677595483,0.7004066907502831,0.6829226953874175,0.6660128216849432,0.6654148786091241,0.6647949926681372,0.6804846620676288,0.6967436870872794,0.7135922330097088,0.7128712871287128,0.7121212121212122,0.711340206185567,0.7164948453608248,0.7216494845360825,0.7268041237113402,0.714416735688163,0.702644793101447,0.7077994322767048,0.696621342805279,0.7017759819805367,0.7069306211557944,0.7120852603310522,0.71723989950631,0.7223945386815677,0.7275491778568255,0.7327038170320832,0.7378584562073409,0.7593458240292821,0.7814270449665135,0.8041237113402062,0.8092783505154639,0.8144329896907216,0.8020456016675445,0.7902736590808286,0.7790955696094027,0.7842502087846605,0.8057375766066017,0.8278187975438331,0.8505154639175257,0.8556701030927836,0.8608247422680413,0.865979381443299,0.8711340206185567,0.8762886597938144,0.8814432989690721,0.8865979381443299,0.8917525773195876,0.8969072164948453,0.9020618556701031,0.9072164948453608,0.8948291068221836,0.8830571642354677,0.0,0.0,0.0,0.0,0.0,0.0,0.0,0.0,0.0,0.0,0.0,0.0,0.0,0.0,0.0,0.0
0.4163420061837857,0.4229924132267018,0.0,0.0,0.0,0.0,0.0,0.0,0.0,0.0,0.0,0.0,0.0,0.0,0.5836446504972128,0.5964283055441244,0.6096801152922118,0.6234170326195241,0.6376566167454432,0.652417054276295,0.6677171809114264,0.6835765038215462,0.700015224709962,0.7170542635658914,0.7165354330708662,0.716,0.7154471544715447,0.7148760330578512,0.7142857142857143,0.7136752136752137,0.6955014510624347,0.6779207715705649,0.6772431027513031,0.676540565351518,0.6758117648713671,0.675055200563401,0.691195836879235,0.7079207920792079,0.6895286798722722,0.6886435398118744,0.711340206185567,0.6989528181623899,0.7216494845360825,0.7092620965129053,0.714416735688163,0.7195713748634207,0.7077994322767048,0.7129540714519625,0.7181087106272203,0.723263349802478,0.7284179889777358,0.7335726281529935,0.7387272673282512,0.7438819065035089,0.7490365456787667,0.7541911848540244,0.7762724057912558,0.7989690721649485,0.8041237113402062,0.8092783505154639,0.7968909624922867,0.7851190199055708,0.7902736590808286,0.7954282982560863,0.800582937431344,0.8226641583685754,0.845360824742268,0.8329734367190909,0.8556701030927836,0.8432827150696063,0.848437354244864,0.8535919934201218,0.8587466325953795,0.8639012717706372,0.8690559109458951,0.8742105501211528,0.8793651892964105,0.9020618556701031,0.8896744676469259,0.8779025250602099,0.0,0.0,0.0,0.0,0.0,0.0,0.0,0.0,0.0,0.0,0.0,0.0,0.0,0.0,0.0,0.0
0.40679687001213966,0.4131710730706561,0.0,0.0,0.0,0.0,0.0,0.0,0.0,0.0,0.0,0.0,0.0,0.0,0.5934257252016426,0.6066417743228363,0.6203420933743721,0.6345442130513771,0.6492662902160103,0.6645271295461925,0.6803462058544062,0.6967436870872794,0.6961984308168323,0.7131782945736433,0.6950563979984155,0.6944579728015651,0.6938400866227034,0.6932017744544576,0.6925420064150105,0.7094017094017094,0.6911536249754782,0.6904225745714766,0.6896651800087723,0.6888799911501889,0.6880654494370791,0.6872198775634699,0.6863414679471962,0.7029702970297029,0.702020202020202,0.7010309278350515,0.7061855670103092,0.6937981789871321,0.7164948453608248,0.7216494845360825,0.7268041237113402,0.731958762886598,0.7195713748634207,0.7247260140386785,0.7298806532139362,0.735035292389194,0.7401899315644517,0.7453445707397095,0.7504992099149672,0.7556538490902249,0.7608084882654826,0.7659631274407404,0.7711177666159981,0.7938144329896908,0.7989690721649485,0.7865816841417712,0.791736323317029,0.7968909624922867,0.8020456016675445,0.8072002408428023,0.81235488001806,0.8175095191933177,0.8402061855670103,0.845360824742268,0.8505154639175257,0.8381280758943486,0.8263561333076326,0.8315107724828903,0.8366654116581481,0.8418200508334058,0.8469746900086635,0.8521293291839214,0.8742105501211528,0.8969072164948453,0.8845198284716682,0.8727478858849522,0.0,0.0,0.0,0.0,0.0,0.0,0.0,0.0,0.0,0.0,0.0,0.0,0.0,0.0,0.0,0.0
0.4106277204695,0.41721206640589253,0.0,0.0,0.0,0.0,0.0,0.0,0.0,0.0,0.0,0.0,0.0,0.0,0.6036861092982058,0.6173519800394311,0.6315188696005017,0.6462049095333224,0.661428878220246,0.6772102231563797,0.6935690839126762,0.7105263157894737,0.7099236641221374,0.7093023255813954,0.7086614173228346,0.708,0.7073170731707317,0.7066115702479339,0.7058823529411764,0.7051282051282051,0.7043478260869566,0.7035398230088495,0.7027027027027027,0.7018348623853211,0.7009345794392523,0.7,0.6990291262135923,0.698019801980198,0.696969696969697,0.6783342614613589,0.6834889006366167,0.7061855670103092,0.711340206185567,0.7164948453608248,0.7216494845360825,0.7268041237113402,0.731958762886598,0.7371134020618557,0.7422680412371134,0.7474226804123711,0.7525773195876289,0.7577319587628866,0.7628865979381443,0.768041237113402,0.7731958762886597,0.7783505154639175,0.7835051546391752,0.788659793814433,0.7938144329896908,0.7989690721649485,0.8041237113402062,0.8092783505154639,0.8144329896907216,0.8195876288659794,0.8247422680412371,0.8298969072164948,0.8350515463917525,0.8226641583685754,0.8278187975438331,0.8160468549571172,0.8048687654856914,0.8100234046609491,0.8151780438362068,0.8203326830114646,0.8254873221867223,0.8469746900086635,0.8690559109458951,0.8917525773195876,0.8793651892964105,0.8675932467096945,0.0,0.0,0.0,0.0,0.0,0.0,0.0,0.0,0.0,0.0,0.0,0.0,0.0,0.0,0.0,0.0
0.4147017443579982,0.42150507488529354,0.0,0.0,0.0,0.0,0.0,0.0,0.0,0.0,0.0,0.0,0.0,0.0,0.6002847487539882,0.6139037041773622,0.6280223661039983,0.6426588102425423,0.6578317559180877,0.6735605881198834,0.6898653802089725,0.706766917293233,0.6885648430305727,0.6878843293907124,0.7047244094488189,0.6864579728015651,0.6857100053218903,0.6849373116445403,0.6841386450704727,0.683312673656266,0.6824579728015652,0.6815730170493527,0.6806561709997633,0.6797056792235835,0.6962616822429907,0.6952380952380952,0.6941747572815534,0.693069306930693,0.6919191919191919,0.6907216494845361,0.6958762886597938,0.7010309278350515,0.6886435398118744,0.6937981789871321,0.6989528181623899,0.7041074573376476,0.7092620965129053,0.714416735688163,0.7195713748634207,0.7247260140386785,0.7298806532139362,0.735035292389194,0.7401899315644517,0.7453445707397095,0.7504992099149672,0.7556538490902249,0.7608084882654826,0.7659631274407404,0.7711177666159981,0.7762724057912558,0.7814270449665135,0.7865816841417712,0.791736323317029,0.7968909624922867,0.8020456016675445,0.8072002408428023,0.8298969072164948,0.8175095191933177,0.8057375766066017,0.8108922157818594,0.8160468549571172,0.8212014941323749,0.8263561333076326,0.8315107724828903,0.8366654116581481,0.8418200508334058,0.8639012717706372,0.8865979381443299,0.8742105501211528,0.8624386075344368,0.0,0.0,0.0,0.0,0.0,0.0,0.0,0.0,0.0,0.0,0.0,0.0,0.0,0.0,0.0,0.0
0.41902778339066105,0.4260592617039198,0.0,0.0,0.0,0.0,0.0,0.0,0.0,0.0,0.0,0.0,0.0,0.0,0.5968833882097704,0.6104554283152932,0.6245258626074948,0.6391127109517621,0.6542346336159295,0.669910953083387,0.6861616765052688,0.7030075187969924,0.7022900763358779,0.7015503875968992,0.7007874015748031,0.6824579728015652,0.6647183829095101,0.6638784984776079,0.66301038263623,0.662112587620788,0.6611835649526349,0.660221656526317,0.6592250847332851,0.6581919414983071,0.674046757848294,0.6729341632777556,0.6717783611510797,0.6881188118811881,0.669326659670252,0.6680249831108435,0.6731796222861012,0.6783342614613589,0.666562318874643,0.6717169580499007,0.6768715972251584,0.6820262364004162,0.6871808755756739,0.6923355147509316,0.6974901539261893,0.702644793101447,0.7077994322767048,0.7129540714519625,0.7181087106272203,0.723263349802478,0.7284179889777358,0.7335726281529935,0.7387272673282512,0.7438819065035089,0.7490365456787667,0.7541911848540244,0.7593458240292821,0.7645004632045398,0.7696551023797975,0.7748097415550553,0.779964380730313,0.8020456016675445,0.8247422680412371,0.81235488001806,0.8175095191933177,0.8226641583685754,0.8278187975438331,0.8329734367190909,0.8381280758943486,0.8432827150696063,0.848437354244864,0.8535919934201218,0.8587466325953795,0.8814432989690721,0.8690559109458951,0.8572839683591791,0.0,0.0,0.0,0.0,0.0,0.0,0.0,0.0,0.0,0.0,0.0,0.0,0.0,0.0,0.0,0.0
0.423615000762549,0.4308841232278562,0.0,0.0,0.0,0.0,0.0,0.0,0.0,0.0,0.0,0.0,0.0,0.0,0.5798202830247718,0.5928486708745605,0.6063560793883581,0.6203598158882565,0.6348778010073772,0.6499285894002071,0.6655313910395915,0.681706093102317,0.6809312552443132,0.6976744186046512,0.6968503937007874,0.6784579728015652,0.6606533422591037,0.6434135384259657,0.6424759733172777,0.6415063547006002,0.6405030102189948,0.6394641491185716,0.6383878515820971,0.6372720568883208,0.6524472788900587,0.6512456767538771,0.6499974104570672,0.6656262896332483,0.6473495728577732,0.645943762173612,0.6510984013488698,0.6562530405241275,0.6450749510527017,0.6502295902279595,0.6553842294032172,0.6605388685784749,0.6656935077537327,0.6708481469289904,0.6760027861042481,0.6811574252795058,0.6863120644547636,0.6914667036300213,0.696621342805279,0.7017759819805367,0.7069306211557944,0.7120852603310522,0.71723989950631,0.7223945386815677,0.7275491778568255,0.7327038170320832,0.7378584562073409,0.7430130953825986,0.7481677345578563,0.7533223737331141,0.7748097415550553,0.7968909624922867,0.8195876288659794,0.8247422680412371,0.8298969072164948,0.8350515463917525,0.8402061855670103,0.845360824742268,0.8505154639175257,0.8556701030927836,0.8608247422680413,0.865979381443299,0.8711340206185567,0.8762886597938144,0.8639012717706372,0.8521293291839214,0.0,0.0,0.0,0.0,0.0,0.0,0.0,0.0,0.0,0.0,0.0,0.0,0.0,0.0,0.0,0.0
0.4284728928397472,0.43598950110821055,0.44378562187813153,0.45187142773860656,0.46025745655917716,0.4689546243093277,0.47797423830106867,0.48732801086568817,0.4970280734756796,0.5070869913227243,0.5175177783623993,0.528333912835998,0.5395493532794653,0.551178555028957,0.5632364872319067,0.5757386503717107,0.5887010943131908,0.6021404368748433,0.6160738829324934,0.6305192440573169,0.6454949586892043,0.6610201128441027,0.6771144613511835,0.6937984496124031,0.6929133858267716,0.6744579728015652,0.6565883016086971,0.639281307021007,0.6225145823386148,0.621473140120702,0.6203954738256444,0.6192796600511157,0.6181236367711986,0.616925190618624,0.6314416530471135,0.6301510433452888,0.6288103128783448,0.6437492128217697,0.6259663391605846,0.6244563943516708,0.6296110335269285,0.6347656727021862,0.62416060157105,0.6293152407463077,0.6344698799215656,0.6396245190968233,0.644779158272081,0.6499337974473387,0.6550884366225964,0.6602430757978541,0.6653977149731118,0.6705523541483696,0.6757069933236274,0.6808616324988851,0.6860162716741428,0.6911709108494005,0.6963255500246583,0.7014801891999161,0.7066348283751738,0.7117894675504315,0.7169441067256892,0.7220987459009469,0.7272533850762046,0.7324080242514623,0.7533223737331141,0.7748097415550553,0.7968909624922867,0.8020456016675445,0.8072002408428023,0.81235488001806,0.8175095191933177,0.8226641583685754,0.8278187975438331,0.8329734367190909,0.8381280758943486,0.8432827150696063,0.848437354244864,0.8535919934201218,0.8418200508334058,0.83064196136198,0.0,0.0,0.0,0.0,0.0,0.0,0.0,0.0,0.0,0.0,0.0,0.0,0.0,0.0,0.0,0.0
0.4256157499826043,0.4330993276978059,0.44086164526994437,0.44891284785694974,0.4572634445831293,0.4659243212790247,0.474906753638492,0.48422242080357636,0.4938834193876293,0.5039022779469282,0.5142919719107863,0.5250659389797888,0.5362380950013196,0.5478228503309703,0.559835126687689,0.5722903745096417,0.5852045908166873,0.5985943375840631,0.6124767606303352,0.6268696090208206,0.6417912549855005,0.657260714347862,0.6732976674580536,0.689922480620155,0.6889763779527559,0.6704579728015652,0.6525232609582906,0.6351490756160484,0.6340726119727398,0.6329593461535916,0.6160476477386878,0.5996480855173283,0.5984123364939686,0.5971312388825958,0.6110090455444579,0.6096294282769902,0.608196233639912,0.6224659891255812,0.6209158341100796,0.6193017551764131,0.6244563943516708,0.6296110335269285,0.6190059623957923,0.6089538057983246,0.6141084449735823,0.61926308414884,0.6244177233240977,0.6295723624993554,0.6347270016746132,0.6550884366225964,0.6760027861042481,0.6811574252795058,0.6863120644547636,0.6914667036300213,0.6808616324988851,0.6708094759014174,0.6759641150766751,0.6811187542519328,0.6862733934271905,0.6914280326024482,0.7117894675504315,0.7017373109529637,0.7068919501282214,0.7120465893034792,0.7324080242514623,0.7533223737331141,0.7748097415550553,0.779964380730313,0.7851190199055708,0.7902736590808286,0.7954282982560863,0.800582937431344,0.8057375766066017,0.8108922157818594,0.8160468549571172,0.8212014941323749,0.8263561333076326,0.8315107724828903,0.8203326830114646,0.8097276118803284,0.0,0.0,0.0,0.0,0.0,0.0,0.0,0.0,0.0,0.0,0.0,0.0,0.0,0.0,0.0,0.0
0.0,0.0,0.0,0.0,0.0,0.0,0.0,0.0,0.0,0.0,0.0,0.0,0.0,0.0,0.0,0.0,0.5817080873201839,0.5950482382932829,0.6088796383281769,0.6232199739843242,0.6380875512817967,0.6535013158516214,0.6694808735649239,0.686046511627907,0.6850393700787402,0.6664579728015652,0.6484582203078841,0.6473495728577732,0.6462036599471545,0.6450185705267709,0.6274595319581253,0.6104301025289918,0.5939078319894642,0.5925440829192931,0.5911293525754707,0.5896607277423599,0.6033418647078732,0.6175154940760762,0.632198057706258,0.6304798446478388,0.6356344838230965,0.6407891229983542,0.6296110335269285,0.6190059623957923,0.6089538057983246,0.6141084449735823,0.61926308414884,0.6244177233240977,0.644779158272081,0.6656935077537327,0.6871808755756739,0.6923355147509316,0.6974901539261893,0.702644793101447,0.6914667036300213,0.6808616324988851,0.6708094759014174,0.6759641150766751,0.6963255500246583,0.7014801891999161,0.7223945386815677,0.7117894675504315,0.7017373109529637,0.6922186704055883,0.0,0.0,0.0,0.0,0.0,0.0,0.0,0.0,0.0,0.0,0.0,0.0,0.0,0.0,0.0,0.0,0.0,0.0,0.0,0.0,0.0,0.0,0.0,0.0,0.0,0.0,0.0,0.0,0.0,0.0,0.0,0.0
0.0,0.0,0.0,0.0,0.0,0.0,0.0,0.0,0.0,0.0,0.0,0.0,0.0,0.0,0.0,0.0,0.592370065402344,0.606175418725136,0.6204893117987442,0.6195703389478278,0.6343838475780931,0.6497419173553809,0.6656640796717941,0.6821705426356589,0.6811023622047244,0.6624579728015652,0.6613197614194513,0.6601439232147882,0.6589285610368593,0.6576716480152403,0.6394444345178523,0.6217650340743238,0.6046101232576852,0.6031637227287158,0.6016632511519345,0.6001056187531806,0.6142472060822283,0.6288977276732548,0.6440741344177268,0.6422517872345548,0.6474064264098125,0.6525610655850702,0.6407891229983542,0.6296110335269285,0.6190059623957923,0.62416060157105,0.6293152407463077,0.6344698799215656,0.6553842294032172,0.6768715972251584,0.6989528181623899,0.7041074573376476,0.7092620965129053,0.714416735688163,0.702644793101447,0.6914667036300213,0.6808616324988851,0.6860162716741428,0.7069306211557944,0.7120852603310522,0.7335726281529935,0.7223945386815677,0.7117894675504315,0.7017373109529637,0.0,0.0,0.0,0.0,0.0,0.0,0.0,0.0,0.0,0.0,0.0,0.0,0.0,0.0,0.0,0.0,0.0,0.0,0.0,0.0,0.0,0.0,0.0,0.0,0.0,0.0,0.0,0.0,0.0,0.0,0.0,0.0
0.0,0.0,0.0,0.0,0.0,0.0,0.0,0.0,0.0,0.0,0.0,0.0,0.0,0.0,0.0,0.0,0.6035468416284737,0.6178361152070813,0.6326518998029799,0.6316804142177255,0.6470128725210729,0.662909100621114,0.6618472857786644,0.6782945736434108,0.6771653543307087,0.6759999999999999,0.6747967479674797,0.6735537190082644,0.6722689075630253,0.670940170940171,0.6520231901928695,0.6336729839599454,0.6158653290595746,0.614336277071807,0.6127500642620668,0.6111034242976698,0.625725565796873,0.6408738143857236,0.6565656565656566,0.654639175257732,0.6597938144329897,0.6649484536082474,0.6525610655850702,0.6407891229983542,0.6296110335269285,0.6347656727021862,0.6399203118774439,0.6450749510527017,0.666562318874643,0.6886435398118744,0.711340206185567,0.7164948453608248,0.7216494845360825,0.7268041237113402,0.714416735688163,0.702644793101447,0.6914667036300213,0.696621342805279,0.7181087106272203,0.723263349802478,0.7453445707397095,0.7335726281529935,0.7223945386815677,0.7117894675504315,0.0,0.0,0.0,0.0,0.0,0.0,0.0,0.0,0.0,0.0,0.0,0.0,0.0,0.0,0.0,0.0,0.0,0.0,0.0,0.0,0.0,0.0,0.0,0.0,0.0,0.0,0.0,0.0,0.0,0.0,0.0,0.0
0.0,0.0,0.0,0.0,0.0,0.0,0.0,0.0,0.0,0.0,0.0,0.0,0.0,0.0,0.0,0.0,0.6152571339046957,0.6300497262226952,0.6453875061475051,0.6443635078279126,0.6602357505793429,0.6766917293233082,0.6755725190839694,0.6744186046511628,0.6732283464566929,0.6719999999999999,0.6707317073170732,0.6518794604048709,0.6505251996923214,0.6666666666666666,0.647675364105913,0.6292482051988835,0.6276935532017536,0.6260818497551878,0.6244098957124886,0.6226742481824485,0.6377977786268079,0.6534653465346535,0.6515151515151515,0.6319425088840394,0.654639175257732,0.6597938144329897,0.6474064264098125,0.6356344838230965,0.6407891229983542,0.645943762173612,0.6510984013488698,0.6562530405241275,0.6614076796993852,0.6834889006366167,0.7061855670103092,0.6937981789871321,0.6989528181623899,0.7216494845360825,0.7092620965129053,0.714416735688163,0.702644793101447,0.7077994322767048,0.7298806532139362,0.735035292389194,0.7577319587628866,0.7453445707397095,0.7335726281529935,0.7223945386815677,0.0,0.0,0.0,0.0,0.0,0.0,0.0,0.0,0.0,0.0,0.0,0.0,0.0,0.0,0.0,0.0,0.0,0.0,0.0,0.0,0.0,0.0,0.0,0.0,0.0,0.0,0.0,0.0,0.0,0.0,0.0,0.0
0.0,0.0,0.0,0.0,0.0,0.0,0.0,0.0,0.0,0.0,0.0,0.0,0.0,0.0,0.0,0.0,0.6275203407145862,0.6428363555785985,0.6587169656073205,0.6576404545533899,0.6565320468756392,0.6729323308270676,0.6542136979924048,0.6530006084604798,0.6517493113842423,0.6504579728015651,0.6491246394682317,0.6477472289999122,0.6463235190200525,0.6623931623931624,0.6433275380189564,0.6417500081997952,0.6401156304592228,0.6384212755538587,0.6366635802782006,0.6348389251825175,0.632943409694769,0.6485148514851485,0.6289226192662116,0.6267878697087816,0.6494845360824743,0.654639175257732,0.6422517872345548,0.6474064264098125,0.6525610655850702,0.6577157047603279,0.6628703439355857,0.6680249831108435,0.6731796222861012,0.6783342614613589,0.7010309278350515,0.6886435398118744,0.6937981789871321,0.7164948453608248,0.7216494845360825,0.7268041237113402,0.714416735688163,0.7195713748634207,0.7422680412371134,0.7474226804123711,0.7525773195876289,0.7401899315644517,0.7284179889777358,0.71723989950631,0.0,0.0,0.0,0.0,0.0,0.0,0.0,0.0,0.0,0.0,0.0,0.0,0.0,0.0,0.0,0.0,0.0,0.0,0.0,0.0,0.0,0.0,0.0,0.0,0.0,0.0,0.0,0.0,0.0,0.0,0.0,0.0
0.0,0.0,0.0,0.0,0.0,0.0,0.0,0.0,0.0,0.0,0.0,0.0,0.0,0.0,0.0,0.0,0.6403565658647662,0.656216838049792,0.6726618705035972,0.6715328467153285,0.6703703703703704,0.6691729323308271,0.650396904099275,0.632198057706258,0.6308857217482529,0.6464579728015651,0.6626016260162602,0.6611570247933884,0.6596638655462185,0.6581196581196581,0.6565217391304348,0.6548672566371682,0.6531531531531531,0.6513761467889908,0.6495327102803738,0.6476190476190476,0.645631067961165,0.6435643564356436,0.6414141414141414,0.6391752577319587,0.6443298969072164,0.6494845360824743,0.654639175257732,0.6597938144329897,0.6649484536082474,0.6701030927835052,0.6752577319587629,0.6804123711340206,0.6855670103092784,0.6907216494845361,0.6958762886597938,0.7010309278350515,0.7061855670103092,0.711340206185567,0.7164948453608248,0.7216494845360825,0.7268041237113402,0.731958762886598,0.7371134020618557,0.7422680412371134,0.7474226804123711,0.735035292389194,0.723263349802478,0.7120852603310522,0.0,0.0,0.0,0.0,0.0,0.0,0.0,0.0,0.0,0.0,0.0,0.0,0.0,0.0,0.0,0.0,0.0,0.0,0.0,0.0,0.0,0.0,0.0,0.0,0.0,0.0,0.0,0.0,0.0,0.0,0.0,0.0
0.0,0.0,0.0,0.0,0.0,0.0,0.0,0.0,0.0,0.0,0.0,0.0,0.0,0.0,0.0,0.0,0.6368600623682628,0.6526707387590119,0.6690647482014389,0.6503411844803972,0.6491246394682317,0.6478715066361516,0.6296535284441716,0.62832208871401,0.6269487138742371,0.6424579728015651,0.6585365853658537,0.6394827661899949,0.6379201576755147,0.636304126647719,0.6346318858450434,0.6329004506776713,0.6311066214502138,0.6292469636272532,0.6273177858856772,0.625315115658708,0.6232346718306914,0.6386138613861386,0.6188216091652015,0.6164785913582661,0.6391752577319587,0.6267878697087816,0.6319425088840394,0.6370971480592971,0.6422517872345548,0.6474064264098125,0.6525610655850702,0.6577157047603279,0.6628703439355857,0.6680249831108435,0.6731796222861012,0.6783342614613589,0.6834889006366167,0.6886435398118744,0.6937981789871321,0.7164948453608248,0.7216494845360825,0.7268041237113402,0.731958762886598,0.7371134020618557,0.7247260140386785,0.7129540714519625,0.7017759819805367,0.6911709108494005,0.0,0.0,0.0,0.0,0.0,0.0,0.0,0.0,0.0,0.0,0.0,0.0,0.0,0.0,0.0,0.0,0.0,0.0,0.0,0.0,0.0,0.0,0.0,0.0,0.0,0.0,0.0,0.0,0.0,0.0,0.0,0.0
0.0,0.0,0.0,0.0,0.0,0.0,0.0,0.0,0.0,0.0,0.0,0.0,0.0,0.0,0.0,0.0,0.6333635588717592,0.6491246394682317,0.6654676258992805,0.6642335766423357,0.6454209357645281,0.6441121081399109,0.6427633163130155,0.6413727014837356,0.6399382877621951,0.6384579728015651,0.6544715447154472,0.6353505347850361,0.6167918952412721,0.615104040612241,0.6133574779961132,0.6115490901546357,0.6096755351837355,0.6077332259019768,0.6057183069274419,0.6036266291348296,0.6014537211366788,0.6161213391381988,0.5968445223527228,0.6113239521830084,0.634020618556701,0.6216332305335239,0.6098612879468079,0.6150159271220657,0.6201705662973234,0.6253252054725811,0.6304798446478388,0.6356344838230965,0.6407891229983542,0.645943762173612,0.6510984013488698,0.6562530405241275,0.6614076796993852,0.666562318874643,0.6717169580499007,0.6937981789871321,0.6989528181623899,0.7041074573376476,0.7092620965129053,0.714416735688163,0.702644793101447,0.6914667036300213,0.6808616324988851,0.6708094759014174,0.0,0.0,0.0,0.0,0.0,0.0,0.0,0.0,0.0,0.0,0.0,0.0,0.0,0.0,0.0,0.0,0.0,0.0,0.0,0.0,0.0,0.0,0.0,0.0,0.0,0.0,0.0,0.0,0.0,0.0,0.0,0.0
0.0,0.0,0.0,0.0,0.0,0.0,0.0,0.0,0.0,0.0,0.0,0.0,0.0,0.0,0.0,0.0,0.6135343267285722,0.6286519584154779,0.6443284763986874,0.6605839416058394,0.6592592592592592,0.6578947368421053,0.6564885496183206,0.6550387596899225,0.6535433070866141,0.652,0.6504065040650406,0.6312183033800776,0.6125902145690032,0.5944978076920532,0.5926769232624731,0.5907915827468901,0.5888383020325475,0.5868133412919905,0.5847126810844967,0.5825319957262413,0.5802666235579564,0.5942442623267201,0.5917940173022177,0.6061693130077507,0.6288659793814433,0.6164785913582661,0.6047066487715502,0.5935285593001244,0.5986831984753821,0.6038378376506399,0.6089924768258976,0.6141471160011553,0.6193017551764131,0.6244563943516708,0.6296110335269285,0.6347656727021862,0.6399203118774439,0.6450749510527017,0.6502295902279595,0.6717169580499007,0.6768715972251584,0.6820262364004162,0.6871808755756739,0.6923355147509316,0.6811574252795058,0.6705523541483696,0.6605001975509018,0.6509815570035264,0.0,0.0,0.0,0.0,0.0,0.0,0.0,0.0,0.0,0.0,0.0,0.0,0.0,0.0,0.0,0.0,0.0,0.0,0.0,0.0,0.0,0.0,0.0,0.0,0.0,0.0,0.0,0.0,0.0,0.0,0.0,0.0
0.0,0.0,0.0,0.0,0.0,0.0,0.0,0.0,0.0,0.0,0.0,0.0,0.0,0.0,0.0,0.0,0.5942781129256748,0.6087731304780143,0.6238047723345554,0.6393922793709081,0.6380135283571207,0.6365933111474298,0.635129728526756,0.6336207634992395,0.6320642720141636,0.6304579728015651,0.6287994362161993,0.6101594902131451,0.5920558052500507,0.574464593112155,0.5725693868691226,0.5706070936794343,0.5685740872216491,0.5664664750222937,0.5642800735818411,0.5620103806579425,0.5596525443195237,0.5729610386305317,0.5867435122517126,0.601014673832493,0.6237113402061856,0.6113239521830084,0.5995520095962924,0.5883739201248667,0.5777688489937305,0.5829234881689882,0.5880781273442459,0.5932327665195036,0.5983874056947613,0.6035420448700191,0.6086966840452768,0.6138513232205346,0.6190059623957923,0.62416060157105,0.6293152407463077,0.6502295902279595,0.6553842294032172,0.6605388685784749,0.6656935077537327,0.6708481469289904,0.6602430757978541,0.6501909192003864,0.640672278653011,0.6316684362496049,0.0,0.0,0.0,0.0,0.0,0.0,0.0,0.0,0.0,0.0,0.0,0.0,0.0,0.0,0.0,0.0,0.0,0.0,0.0,0.0,0.0,0.0,0.0,0.0,0.0,0.0,0.0,0.0,0.0,0.0,0.0,0.0
0.0,0.0,0.0,0.0,0.0,0.0,0.0,0.0,0.0,0.0,0.0,0.0,0.0,0.0,0.0,0.0,0.5755748136564458,0.5894673208808402,0.6038749213857136,0.6188160625724382,0.6173832428914432,0.6159073308892155,0.6143863528716524,0.6128182127450178,0.611200682378174,0.6095313910395914,0.607807813803819,0.589694530161503,0.572094414271388,0.5549842930659252,0.5530147650094406,0.5509755191456469,0.5488627869444191,0.5466725232862655,0.5444003806128539,0.5420416801233123,0.5547981753874849,0.5680105435810268,0.5816930072012075,0.5958600346572352,0.6185567010309279,0.6061693130077507,0.5943973704210347,0.583219280949609,0.5726142098184728,0.5625620532210049,0.5677166923962627,0.5728713315715204,0.5780259707467781,0.5831806099220359,0.5883352490972936,0.5934898882725513,0.598644527447809,0.6037991666230669,0.6089538057983246,0.6293152407463077,0.6344698799215656,0.6396245190968233,0.644779158272081,0.6499337974473387,0.6398816408498709,0.6303630003024955,0.6213591578990895,0.6128520524335663,0.0,0.0,0.0,0.0,0.0,0.0,0.0,0.0,0.0,0.0,0.0,0.0,0.0,0.0,0.0,0.0,0.0,0.0,0.0,0.0,0.0,0.0,0.0,0.0,0.0,0.0,0.0,0.0,0.0,0.0,0.0,0.0
0.0,0.0,0.0,0.0,0.0,0.0,0.0,0.0,0.0,0.0,0.0,0.0,0.0,0.0,0.0,0.0,0.0,0.0,0.0,0.0,0.0,0.0,0.0,0.0,0.0,0.0,0.0,0.0,0.0,0.0,0.0,0.0,0.5296850027172815,0.5274120876003296,0.5397274834165922,0.552486571134133,0.5657035167618399,0.5793927771782053,0.5766425021507025,0.5907053954819774,0.6134020618556701,0.601014673832493,0.589242731245777,0.5780646417743511,0.567459570643215,0.5574074140457472,0.5478887734983717,0.5530434126736296,0.0,0.0,0.0,0.0,0.0,0.0,0.0,0.0,0.0,0.0,0.0,0.0,0.0,0.0,0.0,0.0,0.0,0.0,0.0,0.0,0.0,0.0,0.0,0.0,0.0,0.0,0.0,0.0,0.0,0.0,0.0,0.0,0.0,0.0,0.0,0.0,0.0,0.0,0.0,0.0,0.0,0.0,0.0,0.0,0.0,0.0,0.0,0.0
0.0,0.0,0.0,0.0,0.0,0.0,0.0,0.0,0.0,0.0,0.0,0.0,0.0,0.0,0.0,0.0,0.0,0.0,0.0,0.0,0.0,0.0,0.0,0.0,0.0,0.0,0.0,0.0,0.0,0.0,0.0,0.0,0.5251804982127769,0.53749821135966,0.550261381993056,0.5634843766786222,0.5771818764764847,0.591368863890674,0.5885185788621712,0.5855507563067197,0.6082474226804124,0.5958600346572352,0.5840880920705193,0.5729100025990934,0.5623049314679572,0.5522527748704895,0.542734134323114,0.533730291919708,0.0,0.0,0.0,0.0,0.0,0.0,0.0,0.0,0.0,0.0,0.0,0.0,0.0,0.0,0.0,0.0,0.0,0.0,0.0,0.0,0.0,0.0,0.0,0.0,0.0,0.0,0.0,0.0,0.0,0.0,0.0,0.0,0.0,0.0,0.0,0.0,0.0,0.0,0.0,0.0,0.0,0.0,0.0,0.0,0.0,0.0,0.0,0.0
0.0,0.0,0.0,0.0,0.0,0.0,0.0,0.0,0.0,0.0,0.0,0.0,0.0,0.0,0.0,0.0,0.0,0.0,0.0,0.0,0.0,0.0,0.0,0.0,0.0,0.0,0.0,0.0,0.0,0.0,0.0,0.0,0.5353492734309055,0.5481178511690827,0.5613481951031882,0.5750552005634009,0.5892540893064194,0.6039603960396039,0.601010101010101,0.5979381443298969,0.6030927835051546,0.6082474226804124,0.5958600346572352,0.5840880920705193,0.5729100025990934,0.5623049314679572,0.5522527748704895,0.542734134323114,0.0,0.0,0.0,0.0,0.0,0.0,0.0,0.0,0.0,0.0,0.0,0.0,0.0,0.0,0.0,0.0,0.0,0.0,0.0,0.0,0.0,0.0,0.0,0.0,0.0,0.0,0.0,0.0,0.0,0.0,0.0,0.0,0.0,0.0,0.0,0.0,0.0,0.0,0.0,0.0,0.0,0.0,0.0,0.0,0.0,0.0,0.0,0.0
0.0,0.0,0.0,0.0,0.0,0.0,0.0,0.0,0.0,0.0,0.0,0.0,0.0,0.0,0.0,0.0,0.0,0.0,0.0,0.0,0.0,0.0,0.0,0.0,0.0,0.0,0.0,0.0,0.0,0.0,0.0,0.0,0.5308447689264011,0.54353069520578,0.5566752979069266,0.5702932958014961,0.5843997203743806,0.599009900990099,0.578417568761161,0.5752414779562043,0.580396117131462,0.6030927835051546,0.5907053954819774,0.5789334528952615,0.5677553634238357,0.5571502922926995,0.5470981356952318,0.5375794951478563,0.0,0.0,0.0,0.0,0.0,0.0,0.0,0.0,0.0,0.0,0.0,0.0,0.0,0.0,0.0,0.0,0.0,0.0,0.0,0.0,0.0,0.0,0.0,0.0,0.0,0.0,0.0,0.0,0.0,0.0,0.0,0.0,0.0,0.0,0.0,0.0,0.0,0.0,0.0,0.0,0.0,0.0,0.0,0.0,0.0,0.0,0.0,0.0
0.0,0.0,0.0,0.0,0.0,0.0,0.0,0.0,0.0,0.0,0.0,0.0,0.0,0.0,0.0,0.0,0.0,0.0,0.0,0.0,0.0,0.0,0.0,0.0,0.0,0.0,0.0,0.0,0.0,0.0,0.0,0.0,0.5263402644218966,0.5389435392424773,0.5520024007106649,0.5655313910395914,0.5795453514423418,0.594059405940594,0.5909090909090909,0.5700868387809466,0.5752414779562043,0.5979381443298969,0.5855507563067197,0.5737788137200037,0.562600724248578,0.5519956531174418,0.5419434965199741,0.5324248559725986,0.0,0.0,0.0,0.0,0.0,0.0,0.0,0.0,0.0,0.0,0.0,0.0,0.0,0.0,0.0,0.0,0.0,0.0,0.0,0.0,0.0,0.0,0.0,0.0,0.0,0.0,0.0,0.0,0.0,0.0,0.0,0.0,0.0,0.0,0.0,0.0,0.0,0.0,0.0,0.0,0.0,0.0,0.0,0.0,0.0,0.0,0.0,0.0
0.0,0.0,0.0,0.0,0.0,0.0,0.0,0.0,0.0,0.0,0.0,0.0,0.0,0.0,0.0,0.0,0.0,0.0,0.0,0.0,0.0,0.0,0.0,0.0,0.0,0.0,0.0,0.0,0.0,0.0,0.0,0.0,0.5218357599173921,0.5343563832791745,0.5473295035144032,0.5607694862776866,0.5746909825103029,0.5891089108910891,0.5858585858585859,0.5649321996056889,0.5700868387809466,0.5927835051546392,0.580396117131462,0.568624174544746,0.5574460850733203,0.5468410139421841,0.5367888573447163,0.5272702167973409,0.0,0.0,0.0,0.0,0.0,0.0,0.0,0.0,0.0,0.0,0.0,0.0,0.0,0.0,0.0,0.0,0.0,0.0,0.0,0.0,0.0,0.0,0.0,0.0,0.0,0.0,0.0,0.0,0.0,0.0,0.0,0.0,0.0,0.0,0.0,0.0,0.0,0.0,0.0,0.0,0.0,0.0,0.0,0.0,0.0,0.0,0.0,0.0
0.0,0.0,0.0,0.0,0.0,0.0,0.0,0.0,0.0,0.0,0.0,0.0,0.0,0.0,0.0,0.0,0.0,0.0,0.0,0.0,0.0,0.0,0.0,0.0,0.0,0.0,0.0,0.0,0.0,0.0,0.0,0.0,0.5173312554128876,0.5297692273158717,0.5426566063181415,0.5560075815157819,0.5698366135782641,0.5841584158415841,0.5632660536096459,0.5597775604304311,0.5649321996056889,0.5876288659793815,0.5752414779562043,0.5634695353694883,0.5522914458980626,0.5416863747669263,0.5316342181694586,0.5221155776220832,0.0,0.0,0.0,0.0,0.0,0.0,0.0,0.0,0.0,0.0,0.0,0.0,0.0,0.0,0.0,0.0,0.0,0.0,0.0,0.0,0.0,0.0,0.0,0.0,0.0,0.0,0.0,0.0,0.0,0.0,0.0,0.0,0.0,0.0,0.0,0.0,0.0,0.0,0.0,0.0,0.0,0.0,0.0,0.0,0.0,0.0,0.0,0.0
0.0,0.0,0.0,0.0,0.0,0.0,0.0,0.0,0.0,0.0,0.0,0.0,0.0,0.0,0.0,0.0,0.0,0.0,0.0,0.0,0.0,0.0,0.0,0.0,0.0,0.0,0.0,0.0,0.0,0.0,0.0,0.0,0.512826750908383,0.525182071352569,0.5379837091218799,0.5512456767538771,0.5649822446462253,0.5792079207920792,0.5582155485591409,0.5721649484536082,0.5773195876288659,0.5824742268041238,0.5700868387809466,0.5583148961942306,0.5471368067228048,0.5365317355916686,0.5264795789942008,0.5169609384468254,0.0,0.0,0.0,0.0,0.0,0.0,0.0,0.0,0.0,0.0,0.0,0.0,0.0,0.0,0.0,0.0,0.0,0.0,0.0,0.0,0.0,0.0,0.0,0.0,0.0,0.0,0.0,0.0,0.0,0.0,0.0,0.0,0.0,0.0,0.0,0.0,0.0,0.0,0.0,0.0,0.0,0.0,0.0,0.0,0.0,0.0,0.0,0.0
0.0,0.0,0.0,0.0,0.0,0.0,0.0,0.0,0.0,0.0,0.0,0.0,0.0,0.0,0.0,0.0,0.0,0.0,0.0,0.0,0.0,0.0,0.0,0.0,0.0,0.0,0.0,0.0,0.0,0.0,0.0,0.0,0.5083222464038786,0.5205949153892663,0.5333108119256181,0.5464837719919724,0.5601278757141864,0.5742574257425742,0.5707070707070707,0.5670103092783505,0.5546229212551733,0.5597775604304311,0.5480056178437152,0.5368275283722893,0.5262224572411531,0.5161703006436854,0.5066516600963099,0.4976478176929039,0.0,0.0,0.0,0.0,0.0,0.0,0.0,0.0,0.0,0.0,0.0,0.0,0.0,0.0,0.0,0.0,0.0,0.0,0.0,0.0,0.0,0.0,0.0,0.0,0.0,0.0,0.0,0.0,0.0,0.0,0.0,0.0,0.0,0.0,0.0,0.0,0.0,0.0,0.0,0.0,0.0,0.0,0.0,0.0,0.0,0.0,0.0,0.0
0.0,0.0,0.0,0.0,0.0,0.0,0.0,0.0,0.0,0.0,0.0,0.0,0.0,0.0,0.0,0.0,0.0,0.0,0.0,0.0,0.0,0.0,0.0,0.0,0.0,0.0,0.0,0.0,0.0,0.0,0.0,0.0,0.4891444621767409,0.500800963653238,0.5128782044229625,0.5253891385833841,0.5383469250201739,0.5517649034946344,0.5481145384581307,0.5618556701030928,0.5494682820799156,0.5376963394931996,0.5265182500217739,0.5159131788906377,0.5058610222931699,0.4963423817457945,0.4873385393423884,0.4924931785176462,0.0,0.0,0.0,0.0,0.0,0.0,0.0,0.0,0.0,0.0,0.0,0.0,0.0,0.0,0.0,0.0,0.0,0.0,0.0,0.0,0.0,0.0,0.0,0.0,0.0,0.0,0.0,0.0,0.0,0.0,0.0,0.0,0.0,0.0,0.0,0.0,0.0,0.0,0.0,0.0,0.0,0.0,0.0,0.0,0.0,0.0,0.0,0.0
0.0,0.0,0.0,0.0,0.0,0.0,0.0,0.0,0.0,0.0,0.0,0.0,0.0,0.0,0.0,0.0,0.0,0.0,0.0,0.0,0.0,0.0,0.0,0.0,0.0,0.0,0.0,0.0,0.0,0.0,0.0,0.0,0.49931323739486955,0.5114206034626607,0.5239650175330948,0.5206272338214794,0.5171598274414516,0.5298878266831557,0.5430640334076258,0.5567010309278351,0.5443136429046579,0.5325417003179419,0.5213636108465162,0.51075853971538,0.5007063831179122,0.5058610222931699,0.4963423817457945,0.5014970209210522,0.0,0.0,0.0,0.0,0.0,0.0,0.0,0.0,0.0,0.0,0.0,0.0,0.0,0.0,0.0,0.0,0.0,0.0,0.0,0.0,0.0,0.0,0.0,0.0,0.0,0.0,0.0,0.0,0.0,0.0,0.0,0.0,0.0,0.0,0.0,0.0,0.0,0.0,0.0,0.0,0.0,0.0,0.0,0.0,0.0,0.0,0.0,0.0
0.0,0.0,0.0,0.0,0.0,0.0,0.0,0.0,0.0,0.0,0.0,0.0,0.0,0.0,0.0,0.0,0.5189434919757707,0.531707333618753,0.5449497434534204,0.5586877134877984,0.5566060698003154,0.5544618202876448,0.5364923872010178,0.5342141458849635,0.5318641489369077,0.5294389520865139,0.5269348870458636,0.5243480429956049,0.521674246204161,0.5189090375565995,0.5008408519659624,0.4978781740129035,0.5100155286630905,0.5225931578057519,0.5356248489835166,0.532198057706258,0.5286381871560962,0.5249373316336508,0.5380135283571207,0.5515463917525774,0.5391590037294002,0.5273870611426842,0.5162089716712585,0.5056039005401222,0.51075853971538,0.5159131788906377,0.5058610222931699,0.5110156614684276,0.5141917522733844,0.5172420573038875,0.520173903886604,0.5229940610756932,0.511035512105174,0.5283238994330546,0.5460515646991265,0.5642429101805185,0.5829226953874175,0.5851895106977111,0.5873801305353897,0.5894983331883518,0.5752149225555095,0.561438952086514,0.5481534161563082,0.5353418223275894,0.0,0.0,0.0,0.0,0.0,0.0,0.0,0.0,0.0,0.0,0.0,0.0,0.0,0.0,0.0,0.0,0.0,0.0,0.0,0.0,0.0,0.0,0.0,0.0,0.0,0.0,0.0,0.0,0.0,0.0,0.0,0.0
0.0,0.0,0.0,0.0,0.0,0.0,0.0,0.0,0.0,0.0,0.0,0.0,0.0,0.0,0.0,0.0,0.5301202682019004,0.5433680301006983,0.557112331457656,0.5713708070979856,0.5692350947432951,0.5670351504380876,0.5484353036142819,0.5460978871991095,0.5436868513692859,0.5411986623929079,0.538629556701851,0.5359755218970401,0.533232275838286,0.5303952435894891,0.5116998216517313,0.508660191024567,0.52127073446498,0.5343387304891327,0.5478785335492287,0.544362734706327,0.5407103999860311,0.5369134183461196,0.5329630233066156,0.5463917525773196,0.5340043645541425,0.5222324219674265,0.5110543324960006,0.5162089716712585,0.5213636108465162,0.5265182500217739,0.5159131788906377,0.5210678180658954,0.5243480429956049,0.527498358027108,0.5305263307272906,0.5334389520865139,0.5210358946315454,0.5389435392424773,0.557306770501016,0.57615086006614,0.5955014510624347,0.5978425881861805,0.6001050316250945,0.6022926835453668,0.5874826105517865,0.573198662392908,0.5594232040550179,0.5461391330579746,0.0,0.0,0.0,0.0,0.0,0.0,0.0,0.0,0.0,0.0,0.0,0.0,0.0,0.0,0.0,0.0,0.0,0.0,0.0,0.0,0.0,0.0,0.0,0.0,0.0,0.0,0.0,0.0,0.0,0.0,0.0,0.0
0.0,0.0,0.0,0.0,0.0,0.0,0.0,0.0,0.0,0.0,0.0,0.0,0.0,0.0,0.0,0.0,0.5418305604781224,0.5555816411163121,0.5698479378021813,0.5846477538234629,0.5824579728015651,0.5802023337038207,0.5609512383678357,0.558554646853545,0.5560825721419536,0.5535313910395914,0.550897244698128,0.548176019138765,0.5453633238127007,0.5424544679626684,0.5231117058711687,0.5199951225698991,0.533098958607159,0.5466781562878036,0.5607476635514018,0.5571428571428572,0.5533980582524272,0.5495049504950495,0.5454545454545454,0.5412371134020618,0.5288497253788846,0.5170777827921688,0.5222324219674265,0.5273870611426842,0.5325417003179419,0.5376963394931996,0.5265182500217739,0.5316728891970316,0.5350572482514937,0.538307573283997,0.5414316721016458,0.5444367576310032,0.5315697932080092,0.5501160935855685,0.569134994643195,0.5886526630670519,0.6086956521739131,0.6111111111111112,0.6134453781512605,0.615702479338843,0.6003441516633538,0.5855313910395914,0.571245906487396,0.5574699598384519,0.0,0.0,0.0,0.0,0.0,0.0,0.0,0.0,0.0,0.0,0.0,0.0,0.0,0.0,0.0,0.0,0.0,0.0,0.0,0.0,0.0,0.0,0.0,0.0,0.0,0.0,0.0,0.0,0.0,0.0,0.0,0.0
0.0,0.0,0.0,0.0,0.0,0.0,0.0,0.0,0.0,0.0,0.0,0.0,0.0,0.0,0.0,0.0,0.5540937672880129,0.5683682704722155,0.5831773972619968,0.5985401459854015,0.5962962962962963,0.5939849624060151,0.5740610262366797,0.5716052596232706,0.5690721460299115,0.5664579728015651,0.5637587858096952,0.5609703694957799,0.5580882249024054,0.5551075454511377,0.5350966084308958,0.5319030724555206,0.5285944541026545,0.5420910003245009,0.5560747663551402,0.5348389251825175,0.5310016621219534,0.5270124282471097,0.5228620132056055,0.5360824742268041,0.5236950862036269,0.5288497253788846,0.5340043645541425,0.5391590037294002,0.5443136429046579,0.5494682820799156,0.5376963394931996,0.5428509786684574,0.5463394718476722,0.5496898068811755,0.5529100318162904,0.5560075815157819,0.5426566063181415,0.5455289376222657,0.5646304901386905,0.5842278843059899,0.6043478260869565,0.5892955796391719,0.5917016702805566,0.6115702479338843,0.6138211382113821,0.5984579728015651,0.5836416272600639,0.5693537011525979,0.0,0.0,0.0,0.0,0.0,0.0,0.0,0.0,0.0,0.0,0.0,0.0,0.0,0.0,0.0,0.0,0.0,0.0,0.0,0.0,0.0,0.0,0.0,0.0,0.0,0.0,0.0,0.0,0.0,0.0,0.0,0.0
0.0,0.0,0.0,0.0,0.0,0.0,0.0,0.0,0.0,0.0,0.0,0.0,0.0,0.0,0.0,0.0,0.5505972637915093,0.5648221711814354,0.5795802749598384,0.5948905109489051,0.5750505653941577,0.5902255639097744,0.5877862595419847,0.5852713178294574,0.5826771653543307,0.58,0.5772357723577236,0.5743801652892562,0.5714285714285714,0.5683760683760684,0.5476753641059129,0.5444048754564323,0.5410165313601236,0.5375038443611981,0.5514018691588785,0.5300770204206127,0.5092207114279409,0.505135351435631,0.5178115081551005,0.5309278350515464,0.5360824742268041,0.5412371134020618,0.5463917525773196,0.5515463917525774,0.5567010309278351,0.5618556701030928,0.5494682820799156,0.5546229212551733,0.5582155485591409,0.5616658935936443,0.5649822446462253,0.5681722585158508,0.5543164377685633,0.5572745103056465,0.5770525673961597,0.579803105544928,0.6,0.5850220753656676,0.570573407846314,0.5898959893304907,0.6097560975609756,0.5944579728015651,0.5797046193860481,0.5654777321603498,0.0,0.0,0.0,0.0,0.0,0.0,0.0,0.0,0.0,0.0,0.0,0.0,0.0,0.0,0.0,0.0,0.0,0.0,0.0,0.0,0.0,0.0,0.0,0.0,0.0,0.0,0.0,0.0,0.0,0.0,0.0,0.0
0.0,0.0,0.0,0.0,0.0,0.0,0.0,0.0,0.0,0.0,0.0,0.0,0.0,0.0,0.0,0.0,0.5471007602950058,0.5612760718906552,0.5759831526576802,0.5912408759124088,0.5888888888888889,0.5864661654135338,0.583969465648855,0.5813953488372093,0.5787401574803149,0.576,0.573170731707317,0.5702479338842975,0.5672268907563025,0.5641025641025641,0.5608695652173913,0.5575221238938053,0.5540540540540541,0.5504587155963303,0.5467289719626168,0.5253151156587079,0.5212929242578758,0.5171114381480998,0.5127610031045954,0.5082311686778538,0.5133858078531115,0.5185404470283692,0.5236950862036269,0.5288497253788846,0.5340043645541425,0.5567010309278351,0.5618556701030928,0.5670103092783505,0.5707070707070707,0.5742574257425742,0.5776699029126213,0.580952380952381,0.5665701223342754,0.5696139361043174,0.5900900900900901,0.5929203539823009,0.5956521739130435,0.5807485710921634,0.5663717271740452,0.585763757925532,0.6056910569105691,0.5904579728015651,0.5757676115120324,0.5616017631681017,0.0,0.0,0.0,0.0,0.0,0.0,0.0,0.0,0.0,0.0,0.0,0.0,0.0,0.0,0.0,0.0,0.0,0.0,0.0,0.0,0.0,0.0,0.0,0.0,0.0,0.0,0.0,0.0,0.0,0.0,0.0,0.0
0.0,0.0,0.0,0.0,0.0,0.0,0.0,0.0,0.0,0.0,0.0,0.0,0.0,0.0,0.0,0.0,0.5436042567985023,0.5577299725998751,0.5723860303555219,0.5875912408759124,0.5676431579867502,0.5651647397188584,0.5626106445572903,0.5599773526465264,0.5572611224078643,0.5544579728015651,0.5691056910569106,0.548573675280904,0.5454831828855987,0.5598290598290598,0.5389797119319999,0.5355553179343084,0.5320075223511147,0.5283295324345927,0.5420560747663551,0.5380952380952381,0.5339805825242718,0.5297029702970297,0.5252525252525253,0.520618556701031,0.5257731958762887,0.5309278350515464,0.5360824742268041,0.5412371134020618,0.5463917525773196,0.5515463917525774,0.5391590037294002,0.5443136429046579,0.5481145384581307,0.5517649034946344,0.5728155339805825,0.5761904761904761,0.5618972251380137,0.5650267801410147,0.5855855855855856,0.5709535480228041,0.5737623206276521,0.5764750668186591,0.57909662826375,0.5816315265205734,0.6016260162601625,0.5864579728015651,0.5718306036380166,0.5577257941758537,0.0,0.0,0.0,0.0,0.0,0.0,0.0,0.0,0.0,0.0,0.0,0.0,0.0,0.0,0.0,0.0,0.0,0.0,0.0,0.0,0.0,0.0,0.0,0.0,0.0,0.0,0.0,0.0,0.0,0.0,0.0,0.0
0.0,0.0,0.0,0.0,0.0,0.0,0.0,0.0,0.0,0.0,0.0,0.0,0.0,0.0,0.0,0.0,0.5401077533019988,0.5541838733090949,0.5687889080533637,0.583941605839416,0.5639394542830466,0.5444787594606441,0.5418672689021868,0.5391748018923046,0.5363975327718749,0.550457972801565,0.5650406504065041,0.5444414438759453,0.5412815022133298,0.5555555555555556,0.5346318858450434,0.5142039574112728,0.5105764360846364,0.5068157947093161,0.5198411503716586,0.5157913061348984,0.5115841863937981,0.5072104480490899,0.5026599930035853,0.5154639175257731,0.5030765295025961,0.5082311686778538,0.5133858078531115,0.5185404470283692,0.5236950862036269,0.5288497253788846,0.5170777827921688,0.5222324219674265,0.5261374516456521,0.5468144084451294,0.5679611650485437,0.5714285714285714,0.5747663551401869,0.5779816513761468,0.5810810810810811,0.584070796460177,0.5869565217391304,0.5897435897435898,0.592436974789916,0.5950413223140496,0.5975609756097561,0.5824579728015651,0.5678935957640009,0.5538498251836056,0.0,0.0,0.0,0.0,0.0,0.0,0.0,0.0,0.0,0.0,0.0,0.0,0.0,0.0,0.0,0.0,0.0,0.0,0.0,0.0,0.0,0.0,0.0,0.0,0.0,0.0,0.0,0.0,0.0,0.0,0.0,0.0
0.0,0.0,0.0,0.0,0.0,0.0,0.0,0.0,0.0,0.0,0.0,0.0,0.0,0.0,0.0,0.0,0.5208515394991013,0.5343050453716313,0.5482652039892317,0.5627499436044848,0.5433091688173692,0.52438663231772,0.5217177463623736,0.518966104253373,0.5324605248978591,0.546457972801565,0.5609756097560976,0.5578512396694215,0.5546218487394958,0.5512820512820513,0.5302840597580869,0.5097791786502108,0.4897392029334484,0.4858959100993299,0.4982416714134232,0.49410281961102,0.48980323569978557,0.4853333712376112,0.49760948795308024,0.5103092783505154,0.4979218903273383,0.4861499477406223,0.4913045869158801,0.4964592260911378,0.5016138652663955,0.5067685044416532,0.4955904149702275,0.5007450541454852,0.5047542179484634,0.5249373316336508,0.5455647689180699,0.5491246394682318,0.5525514307454903,0.5558524682144091,0.5590345493781417,0.5621039905006802,0.565066668453739,0.5679280582716506,0.5706932669192122,0.573367063710656,0.5759539077609147,0.5615313910395914,0.5476238592433016,0.5342141458849635,0.0,0.0,0.0,0.0,0.0,0.0,0.0,0.0,0.0,0.0,0.0,0.0,0.0,0.0,0.0,0.0,0.0,0.0,0.0,0.0,0.0,0.0,0.0,0.0,0.0,0.0,0.0,0.0,0.0,0.0,0.0,0.0
0.0,0.0,0.0,0.0,0.0,0.0,0.0,0.0,0.0,0.0,0.0,0.0,0.0,0.0,0.0,0.0,0.5021482402298724,0.5149992357744573,0.5283353530403899,0.5421737268060147,0.523272736466982,0.5048675235150853,0.5021412421628498,0.499330424954731,0.5121907883771599,0.5255313910395913,0.5393685419072561,0.536176981066028,0.532878140868792,0.5294665198101121,0.5090096519091566,0.4890216712424654,0.46947498812255,0.46554904382963325,0.477236045570478,0.4730081862024317,0.46861613812106323,0.48038287618810627,0.4925589829025752,0.5051546391752577,0.4927672511520806,0.4809953085653646,0.4698172190939388,0.4749718582691966,0.4801264974444543,0.485281136619712,0.4746760654885758,0.47983070466383354,0.48394400259156445,0.5036541079374623,0.5237838182240574,0.5274361529443533,0.530951951787255,0.5343387304891327,0.5376034631116635,0.5407526299776445,0.5437922606048088,0.5467279722361726,0.5495650044849696,0.5523082505437237,0.5549622853485345,0.5411986623929079,0.5279271410628918,0.51513138111999,0.0,0.0,0.0,0.0,0.0,0.0,0.0,0.0,0.0,0.0,0.0,0.0,0.0,0.0,0.0,0.0,0.0,0.0,0.0,0.0,0.0,0.0,0.0,0.0,0.0,0.0,0.0,0.0,0.0,0.0,0.0,0.0
0.0,0.0,0.0,0.0,0.0,0.0,0.0,0.0,0.0,0.0,0.0,0.0,0.0,0.0,0.0,0.0,0.4839784570107357,0.4962463407109516,0.5089785204318377,0.5221913631228349,0.5038093224568844,0.4859013292461193,0.48311765249699457,0.48024766018975745,0.4924940701967502,0.5051986623929079,0.518376919494876,0.5151181678990955,0.5117498784345493,0.5082664337746341,0.4883290971755166,0.4688371821750095,0.44976368784532,0.445755092093605,0.45680343806782236,0.452486571134133,0.4637617691890244,0.4754323811386013,0.48750847785207013,0.5,0.4876126119768228,0.4758406693901069,0.4646625799186811,0.45405750878754486,0.45921214796280263,0.46436678713806034,0.45431463054059257,0.45946926971585034,0.46368670176833393,0.48294390258156344,0.5025967206453351,0.506341519535765,0.5099463259443098,0.5134188458791464,0.5167662299604755,0.5199951225698991,0.5231117058711687,0.5261217393159848,0.5290305951660171,0.5318432904920815,0.5345645160514445,0.5214389520865139,0.5087833374161507,0.4965821324051088,0.0,0.0,0.0,0.0,0.0,0.0,0.0,0.0,0.0,0.0,0.0,0.0,0.0,0.0,0.0,0.0,0.0,0.0,0.0,0.0,0.0,0.0,0.0,0.0,0.0,0.0,0.0,0.0,0.0,0.0,0.0,0.0
