0,1,2,3,4,5,6,7,8,9,10,11,12,13,14,15,16,17,18,19,20,21,22,23,24,25,26,27,28,29,30,31,32,33,34,35,36,37,38,39,40,41,42,43,44,45,46,47,48,49,50,51,52,53,54,55,56,57,58,59,60,61,62,63
0.0,0.0,0.0,0.0,0.0,0.0,0.0,0.0,0.0,0.0,0.0,0.0,0.0,0.0,0.0,0.0,0.627765263243462,0.6165239164911755,0.6055240355353709,0.5947577041858986,0.5977720975508749,0.6010200405221834,0.6045094492899736,0.6082485083645496,0.6122456796711117,0.6165097119527657,0.6210496504922484,0.6258748471631708,0.6309949708219511,0.6364200180519823,0.6421603242719744,0.6482265752208163,0.654629818831717,0.661381477508823,0.6684933608199531,0.6759776786195542,0.6838470546164612,0.6921145404015391,0.7007936299507913,0.7098982746200543,0.7194428986479383,0.7021463366355581,0.685289753981799,0.6688587264480507,0.6528393026784768,0.6372179886970735,0.6219817329129764,0.6071179116173502,0.0,0.0,0.0,0.0,0.0,0.0,0.0,0.0,0.0,0.0,0.0,0.0,0.0,0.0,0.0,0.0
0.0,0.0,0.0,0.0,0.0,0.0,0.0,0.0,0.0,0.0,0.0,0.0,0.0,0.0,0.0,0.0,0.6377913271401097,0.6262392911992698,0.6149369055652159,0.6038759857276434,0.6070628898171843,0.6104912597032068,0.6141692798960151,0.6181054123208095,0.6223084057206959,0.6267873053784109,0.6315514631675656,0.6366105479445783,0.6419745562928416,0.6476538236310662,0.6536590356981403,0.6600012404272733,0.6666918602226117,0.6737427046519742,0.6811659835698074,0.6889743206849469,0.697180767588257,0.7057988182557415,0.7148424240432368,0.7243260091893532,0.7342644868438892,0.7164519934413217,0.6990943925471739,0.6821767710116471,0.6656847045961309,0.6496042419447894,0.6339218890816185,0.6186245944157537,0.0,0.0,0.0,0.0,0.0,0.0,0.0,0.0,0.0,0.0,0.0,0.0,0.0,0.0,0.0,0.0
0.0,0.0,0.0,0.0,0.0,0.0,0.0,0.0,0.0,0.0,0.0,0.0,0.0,0.0,0.0,0.0,0.6481526564152976,0.6362795161164876,0.6246644880496636,0.6132991102896252,0.6166644880496636,0.6202795161164876,0.6241526564152977,0.6282926576891998,0.6327085652209306,0.637409730884101,0.6424058235351294,0.6477068397574086,0.6533231149696488,0.6592653349107387,0.6655445475138875,0.6721721751832417,0.6791600274866199,0.6865203142784688,0.6942656592676241,0.70240911404495,0.7109641725864502,0.7199447862479613,0.7293653792680934,0.7392408647966451,0.7495866614663033,0.7312408647966451,0.7133653792680934,0.6959447862479613,0.6789641725864501,0.66240911404495,0.646265659267624,0.6305203142784688,0.0,0.0,0.0,0.0,0.0,0.0,0.0,0.0,0.0,0.0,0.0,0.0,0.0,0.0,0.0,0.0
0.0,0.0,0.0,0.0,0.0,0.0,0.0,0.0,0.0,0.0,0.0,0.0,0.0,0.0,0.0,0.0,0.6588617633802567,0.6466567214559481,0.6347185405067315,0.623038471789501,0.6265884592059184,0.6303965588543221,0.6344715194778177,0.638822386359142,0.6434585113719059,0.6483895633725278,0.6536255389444006,0.6591767735062342,0.6650539527969177,0.6712681247496599,0.6778307117686075,0.6847535234215791,0.6920487695630217,0.6997290739017704,0.7078074880286898,0.7162975059197836,0.7252130789308882,0.7345686313006137,0.744379076178759,0.7546598321980106,0.7654268406073429,0.7465297508971975,0.7281189135771329,0.7101783873981746,0.6926927537276361,0.6756470994157184,0.6590270002238117,0.6428185047960793,0.0,0.0,0.0,0.0,0.0,0.0,0.0,0.0,0.0,0.0,0.0,0.0,0.0,0.0,0.0,0.0
0.0,0.0,0.0,0.0,0.0,0.0,0.0,0.0,0.0,0.0,0.0,0.0,0.0,0.0,0.0,0.0,0.6699317057167984,0.6573835667801089,0.6451113341012481,0.6331059623974793,0.6368468712913308,0.6408546411602742,0.6451383172870462,0.649707251545258,0.6545711127913278,0.6597398976086484,0.6652239414159298,0.6710339299520611,0.6771809111502511,0.6836763074146466,0.6905319283130661,0.6977599836999564,0.705373097284153,0.7133843206565202,0.7218071477930618,0.7306555300496141,0.7399438916647876,0.7496871457883807,0.7599007110530801,0.7706005287078603,0.7818030803321205,0.762336065897943,0.7433717854332453,0.7248937573586285,0.7068860404251182,0.6893332160000274,0.6722203709335577,0.6555330809870987,0.0,0.0,0.0,0.0,0.0,0.0,0.0,0.0,0.0,0.0,0.0,0.0,0.0,0.0,0.0,0.0
0.0,0.0,0.0,0.0,0.0,0.0,0.0,0.0,0.0,0.0,0.0,0.0,0.0,0.0,0.0,0.0,0.681376117438723,0.6684732711032835,0.6558556828992839,0.6435140009531128,0.6474523215547461,0.6516665484142079,0.6561660334051094,0.6609604453838689,0.6660597809338792,0.6714743754738506,0.6772149147426716,0.6832924466735514,0.6897183936706366,0.6965045653017459,0.703663171421326,0.7112068357382123,0.7191486098432692,0.7275019877125006,0.7362809207017428,0.745499833049606,0.7551736379058888,0.765317753903278,0.775948122290748,0.7870812246476979,0.7987341011985133,0.7786778633031601,0.7591413996016724,0.7401076698696646,0.7215601925277375,0.703483026326917,0.685860752634516,0.6686784583007359,0.0,0.0,0.0,0.0,0.0,0.0,0.0,0.0,0.0,0.0,0.0,0.0,0.0,0.0,0.0,0.0
0.0,0.0,0.0,0.0,0.0,0.0,0.0,0.0,0.0,0.0,0.0,0.0,0.0,0.0,0.0,0.0,0.6932092423385483,0.6799396454140156,0.6669649754773408,0.6542755636721058,0.6584179669303323,0.6628456283199984,0.6675682166975225,0.6725957286462976,0.6779384995850335,0.6836072152526191,0.6896129235822636,0.6959670469781134,0.7026813950079873,0.709768177526332,0.717240018241983,0.7251099687458047,0.7333915230138006,0.7420986324018074,0.7512457211484352,0.7608477024034828,0.7709199947996366,0.7814785395858712,0.7925398183415858,0.8041208712911658,0.8162393162393162,0.7955738627441572,0.7754458012475687,0.7558375139448454,0.7367319606116024,0.71811265966844,0.699963669866384,0.6822695725727476,0.0,0.0,0.0,0.0,0.0,0.0,0.0,0.0,0.0,0.0,0.0,0.0,0.0,0.0,0.0,0.0
0.0,0.0,0.0,0.0,0.0,0.0,0.0,0.0,0.0,0.0,0.0,0.0,0.0,0.0,0.0,0.0,0.7054459701921912,0.6917971278829556,0.6784532091449706,0.6654042173948436,0.6526404837761564,0.6567085652209306,0.6610619047971444,0.6657101713612164,0.670663361496539,0.6759318106218228,0.6815262044759561,0.6874575909921483,0.693737392574546,0.7003774187909677,0.7073898794958602,0.7147873983980588,0.7225830270884281,0.7307902595429719,0.7394230471175265,0.7484958140507021,0.7580234734922973,0.7680214440749988,0.7785056670477812,0.7894926239900436,0.8009993551261714,0.7807969718161306,0.7611143626999551,0.7419344875532599,0.7232408647966451,0.7050175531811369,0.6872491340740482,0.6699206943255807,0.0,0.0,0.0,0.0,0.0,0.0,0.0,0.0,0.0,0.0,0.0,0.0,0.0,0.0,0.0,0.0
0.0,0.0,0.0,0.0,0.0,0.0,0.0,0.0,0.0,0.0,0.0,0.0,0.0,0.0,0.0,0.0,0.7181018760315958,0.7040608220582936,0.6903350270749524,0.6769141556628621,0.6637882112386297,0.650947524945837,0.6549386537165058,0.6592150406186144,0.6637863545085807,0.6686625919697979,0.6738540884209763,0.6793715296010042,0.6852259634430911,0.6914288123513832,0.6979918858936995,0.7049273939244866,0.7122479601525797,0.7199666361688437,0.728096915949282,0.7366527508497311,0.7456485651088014,0.7550992718762911,0.7650202897848873,0.7754275600835643,0.7863375643517212,0.7665780025614404,0.7473211747406395,0.7285505993099194,0.7102503350203058,0.6924049632391117,0.6749995708165387,0.6580197335139765,0.0,0.0,0.0,0.0,0.0,0.0,0.0,0.0,0.0,0.0,0.0,0.0,0.0,0.0,0.0,0.0
0.0,0.0,0.0,0.0,0.0,0.0,0.0,0.0,0.0,0.0,0.0,0.0,0.0,0.0,0.0,0.0,0.7311932628386667,0.7167465383930722,0.7026257586763276,0.6888202379495438,0.675319640794011,0.6621139706263359,0.6491935585901007,0.653104961617327,0.6573016227759929,0.6617932109225169,0.6665897226402915,0.6717014933480272,0.6771392087846126,0.6829139168832569,0.6890370400481065,0.6955203878469802,0.7023761701343247,0.7096170106189754,0.7172559608917968,0.7253065149287925,0.7337826240857991,0.7426987126014266,0.7520696936254739,0.7619109857906277,0.7722385303458619,0.7529019767816185,0.7340516756074559,0.7156716855743996,0.6977465880497631,0.6802614698837475,0.6632019068377427,0.6465539475559123,0.0,0.0,0.0,0.0,0.0,0.0,0.0,0.0,0.0,0.0,0.0,0.0,0.0,0.0,0.0,0.0
0.0,0.0,0.0,0.0,0.0,0.0,0.0,0.0,0.0,0.0,0.0,0.0,0.0,0.0,0.0,0.0,0.7447372080643462,0.7298708394978948,0.715341463593502,0.701138032417959,0.6872498602323771,0.673666611618046,0.6603782899915728,0.6473752264965393,0.6512039780649672,0.655317987764835,0.6597269244525606,0.664440784711537,0.6694699039604746,0.6748249679382616,0.6805170245781077,0.6865574962841591,0.6929581926242345,0.6997313234527808,0.7068895124786332,0.7144458112926564,0.722413713870854,0.7308071715690622,0.7396406086258915,0.7489289381911405,0.7586875788974959,0.7397546262645349,0.7212919847726805,0.7032842357892457,0.6857164661644319,0.6685742516596288,0.6518436409190003,0.6355111399665423,0.0,0.0,0.0,0.0,0.0,0.0,0.0,0.0,0.0,0.0,0.0,0.0,0.0,0.0,0.0,0.0
0.7855732506271157,0.8003018268835109,0.8155306165325813,0.8312786792623412,0.8475659424979547,0.8644132547164297,0.8818424434882768,0.8998763788153367,0.895203481619075,0.8766550988942616,0.8585616086778678,0.8409080978200951,0.8236801420823331,0.8068637901087455,0.7904455479233287,0.774412363935218,0.7587516144355781,0.7434510895699622,0.7284989797705519,0.7138838626332003,0.6995946902246983,0.6856207768061575,0.6719517869588674,0.6585777240994353,0.6454889193714428,0.6492319297069118,0.6532601981738206,0.6575833936285873,0.6622115126546049,0.6671548906705834,0.6724242134154117,0.6780305288222988,0.6839852592953912,0.6903002144025077,0.696987603998095,0.7040600517909885,0.7115306093720527,0.7194127707172913,0.7277204871825407,0.736468183006411,0.7456707713387012,0.7271223886138878,0.709028898397494,0.6913753875397213,0.6741474318019592,0.6573310798283717,0.6409128376429548,0.6248796536548441,0.6092189041552043,0.5939183792895883,0.5830818486722067,0.5726023942489281,0.5624679017043113,0.5526666931003468,0.5431875086618788,0.5340194895906785,0.5251521618214312,0.5165754206429399,0.5082795161164876,0.5002550392307659,0.4924929087392376,0.49947364835500707,0.5067156063420515,0.4987385621237376
0.8003018268835109,0.8155306165325813,0.8312786792623412,0.8475659424979547,0.8644132547164297,0.8818424434882768,0.8998763788153367,0.9185390424186842,0.9137771376567794,0.8946694362252166,0.87603204593476,0.8578495481527232,0.8401070297293074,0.8227900664259022,0.8058847068866717,0.7893774571356117,0.7732552655818579,0.7575055085165749,0.742115976085316,0.7270748587202626,0.7123707340172679,0.6979925540431229,0.683929633058939,0.6701716356460058,0.6567085652209306,0.6519466604590258,0.6558859213602914,0.6601201092494151,0.6646592207097896,0.6695135911601251,0.6746939063393103,0.6699320015774054,0.6754493094186493,0.6813150323260988,0.6875409798675722,0.6941393618975165,0.7011228021247669,0.708504352140188,0.7162975059197836,0.7245162148193898,0.7331749030776171,0.7149924052955803,0.6972498868721645,0.6799329235687595,0.6630275640295289,0.6465203142784688,0.6303981227247151,0.6146483656594321,0.5992588332281732,0.5842177158631197,0.5736969467453498,0.5635233535188765,0.5536851028144087,0.5441707928310037,0.534969434786148,0.5260704354669776,0.5174635807850456,0.5091390202487189,0.5010872522773058,0.49329911028962525,0.5002550392307659,0.5074733145660999,0.5149618167206412,0.5067156063420515
0.8155306165325813,0.8312786792623412,0.8475659424979547,0.8644132547164297,0.8818424434882768,0.8998763788153367,0.9185390424186842,0.9378556037299256,0.9330012347978868,0.9133148168061092,0.894114651204412,0.8753847967438215,0.8571098347916506,0.8392748521981007,0.8218654247245616,0.8048676010151969,0.7882678870940029,0.772053231370115,0.0,0.0,0.0,0.0,0.0,0.0,0.0,0.0,0.0,0.0,0.0,0.0,0.6802112141805541,0.6754493094186493,0.6706874046567446,0.6659254998948398,0.6717912228022893,0.6780171703437627,0.684615552373707,0.6915989926009574,0.6989805426163784,0.7067736963959741,0.7149924052955803,0.6972498868721645,0.6799329235687595,0.6630275640295289,0.6465203142784688,0.6303981227247151,0.6146483656594321,0.5992588332281732,0.5944969284662684,0.5897350237043637,0.0,0.0,0.0,0.0,0.0,0.0,0.0,0.0,0.0,0.0,0.0,0.0,0.5192850241014135,0.510829348144621
0.8312786792623412,0.8475659424979547,0.8644132547164297,0.8818424434882768,0.8998763788153367,0.9185390424186842,0.9378556037299256,0.9578525034562511,0.9529020084067461,0.9326167303280223,0.9128341862187785,0.8935378944996153,0.8747119139215587,0.8563408258519216,0.8384097171409057,0.8209041635499004,0.8038102137230696,0.7871143736844095,0.0,0.0,0.0,0.0,0.0,0.0,0.0,0.0,0.0,0.0,0.0,0.0,0.6860769370880035,0.6813150323260988,0.6765531275641941,0.6717912228022893,0.6670293180403846,0.6622674132784798,0.6684933608199531,0.6750917428498975,0.6820751830771479,0.6894567330925689,0.6972498868721645,0.6799329235687595,0.6630275640295289,0.6465203142784688,0.6303981227247151,0.6146483656594321,0.6098864608975274,0.6051245561356227,0.6003626513737179,0.5956007466118131,0.0,0.0,0.0,0.0,0.0,0.0,0.0,0.0,0.0,0.0,0.0,0.0,0.5238841377400145,0.5152099509222825
0.8475659424979547,0.8644132547164297,0.8818424434882768,0.8998763788153367,0.9185390424186842,0.9378556037299256,0.9578525034562511,0.9785575457278402,0.9735070406773352,0.9526019784037458,0.9322166903240219,0.912334136213778,0.8929378344936147,0.874011843914558,0.8555407458439208,0.8375096271319047,0.8199040635398994,0.8027101037120685,0.0,0.0,0.0,0.0,0.0,0.0,0.0,0.0,0.0,0.0,0.0,0.0,0.692302884629477,0.6875409798675722,0.6827790751056675,0.6780171703437627,0.673255265581858,0.6684933608199531,0.6637314560580484,0.6589695512961437,0.6655679333260879,0.6725513735533384,0.6799329235687595,0.6630275640295289,0.6465203142784688,0.6303981227247151,0.6256362179628103,0.6208743132009056,0.6161124084390008,0.6113505036770961,0.6065885989151912,0.6018266941532865,0.0,0.0,0.0,0.0,0.0,0.0,0.0,0.0,0.0,0.0,0.0,0.0,0.5287685095100552,0.5198664599577727
0.8644132547164297,0.8818424434882768,0.8998763788153367,0.9185390424186842,0.9378556037299256,0.9578525034562511,0.9785575457278402,1.0,0.9948453608247423,0.9732987724278297,0.9522895760294878,0.9318001538250111,0.9118134655900145,0.8923130297450987,0.8732829050412892,0.8547076728458993,0.8365724200091307,0.8188627222923726,0.0,0.0,0.0,0.0,0.0,0.0,0.0,0.0,0.0,0.0,0.0,0.0,0.6989012666594212,0.6941393618975165,0.6893774571356117,0.684615552373707,0.6798536476118022,0.6750917428498975,0.6703298380879927,0.6655679333260879,0.6608060285641831,0.6560441238022784,0.6630275640295289,0.6465203142784688,0.641758409516564,0.6369965047546593,0.6322345999927546,0.6274726952308498,0.6227107904689451,0.6179488857070403,0.6131869809451356,0.6084250761832308,0.0,0.0,0.0,0.0,0.0,0.0,0.0,0.0,0.0,0.0,0.0,0.0,0.5339478082679538,0.5248082271247025
0.8469281365504142,0.8638346945048421,0.8813279960905233,0.8994313409871213,0.918169185738148,0.9375672253775272,0.9576524834542509,0.9784534116030875,0.9896907216494846,0.968144133252572,0.9471349368542301,0.9266455146497534,0.9066588264147568,0.887158390569841,0.8681282658660314,0.8495530336706416,0.831417780833873,0.8137080831171148,0.0,0.0,0.0,0.0,0.0,0.0,0.0,0.0,0.0,0.0,0.0,0.0,0.712634591306459,0.7077802223744202,0.7029258534423813,0.6980714845103425,0.6932171155783037,0.6883627466462648,0.683508377714226,0.6786540087821872,0.6737996398501483,0.6689452709181094,0.6640909019860706,0.6592365330540317,0.6543821641219929,0.6495277951899541,0.6446734262579152,0.6398190573258764,0.6349646883938376,0.6301103194617987,0.6252559505297599,0.6204015815977211,0.0,0.0,0.0,0.0,0.0,0.0,0.0,0.0,0.0,0.0,0.0,0.0,0.5433967622380288,0.5339478082679538
0.8424236320459098,0.8592475385415392,0.8766550988942616,0.8946694362252166,0.9133148168061092,0.9326167303280223,0.9526019784037458,0.9732987724278297,0.9845360824742269,0.9629894940773143,0.9419802976789724,0.9214908754744957,0.9015041872394991,0.8820037513945832,0.8629736266907737,0.8443983944953839,0.8262631416586151,0.8085534439418571,0.0,0.0,0.0,0.0,0.0,0.0,0.0,0.0,0.0,0.0,0.0,0.0,0.7268447576093063,0.7218942625598014,0.7169437675102964,0.7119932724607916,0.7070427774112866,0.7020922823617817,0.6971417873122767,0.6921912922627718,0.6872407972132668,0.6822903021637619,0.6773398071142569,0.6723893120647519,0.667438817015247,0.662488321965742,0.6575378269162371,0.6525873318667321,0.6476368368172272,0.6426863417677222,0.6377358467182173,0.6327853516687123,0.0,0.0,0.0,0.0,0.0,0.0,0.0,0.0,0.0,0.0,0.0,0.0,0.5531656346546883,0.5433967622380288
0.8379191275414052,0.8546603825782365,0.8719822016979999,0.8899075314633118,0.9084604478740703,0.9276662352785173,0.9475514733532409,0.968144133252572,0.9793814432989691,0.9578348549020566,0.9368256585037147,0.916336236299238,0.8963495480642414,0.8768491122193255,0.857818987515516,0.8392437553201262,0.8211085024833574,0.8159538633080997,0.0,0.0,0.0,0.0,0.0,0.0,0.0,0.0,0.0,0.0,0.0,0.0,0.7415500311723088,0.7364995261218037,0.7314490210712987,0.7263985160207936,0.7213480109702886,0.7162975059197836,0.7112470008692785,0.7061964958187734,0.7011459907682684,0.6960954857177634,0.6910449806672583,0.6859944756167533,0.6809439705662481,0.6758934655157431,0.6708429604652382,0.665792455414733,0.660741950364228,0.6556914453137229,0.6506409402632178,0.6455904352127129,0.0,0.0,0.0,0.0,0.0,0.0,0.0,0.0,0.0,0.0,0.0,0.0,0.5632653349107388,0.5531656346546883
0.8334146230369006,0.8500732266149338,0.8673093045017382,0.8851456267014071,0.9036060789420315,0.9227157402290124,0.9425009683027358,0.9629894940773143,0.9742268041237113,0.9526802157267988,0.931671019328457,0.9111815971239803,0.8911949088889837,0.8716944730440678,0.8526643483402583,0.8340891161448685,0.8289344769696108,0.823779837794353,0.8186251986190953,0.8004899457823265,0.7953353066070687,0.790180667431811,0.7850260282565533,0.7798713890812956,0.7747167499060379,0.7695621107307802,0.7644074715555224,0.7592528323802646,0.7540981932050069,0.7619241676912603,0.7567695285160025,0.7516148893407448,0.746460250165487,0.7413056109902293,0.7361509718149716,0.7309963326397138,0.725841693464456,0.7206870542891983,0.7155324151139406,0.7103777759386829,0.7052231367634252,0.7000684975881675,0.6949138584129098,0.689759219237652,0.6846045800623942,0.6794499408871365,0.6742953017118788,0.669140662536621,0.6639860233613633,0.6588313841861055,0.6585710488742239,0.6583210238717236,0.6580807085780583,0.6578495481527231,0.6446464155771043,0.6444320624947071,0.6442254338477115,0.6314710609476049,0.6191352244850153,0.6072040749622296,0.5956642291672921,0.5845027536956384,0.5737071491399037,0.5632653349107388
0.8289101185323962,0.845486070651631,0.8626364073054765,0.8803837219395022,0.8987517100099927,0.9177652451795075,0.9374504632522307,0.9578348549020566,0.9690721649484536,0.9475255765515411,0.9265163801531991,0.9060269579487226,0.9008723187734649,0.8808856305384682,0.8613851946935522,0.8423550699897429,0.8372004308144851,0.8320457916392274,0.8268911524639697,0.8083159202685798,0.8031612810933221,0.7980066419180644,0.7928520027428065,0.7876973635675488,0.7825427243922911,0.7773880852170334,0.7722334460417757,0.767078806866518,0.7619241676912603,0.7701901215361346,0.7650354823608769,0.7598808431856191,0.7547262040103614,0.7495715648351037,0.7444169256598459,0.7392622864845881,0.7341076473093304,0.7289530081340727,0.723798368958815,0.7186437297835573,0.7134890906082996,0.7083344514330419,0.7031798122577841,0.6980251730825263,0.6928705339072686,0.6877158947320109,0.6825612555567531,0.6774066163814954,0.6722519772062376,0.6670973380309799,0.6669411368438509,0.6667911218423508,0.6666469326661516,0.6665082364109505,0.6529541320423538,0.6528255201929154,0.652701543004718,0.6396013407280432,0.6269308531753848,0.6146759156778805,0.6028228352868722,0.5913583745940578,0.5802697361588514,0.5695445475138875
0.8244056140278917,0.8408989146883282,0.8579635101092149,0.8756218171775975,0.8938973410779538,0.9128147501300026,0.9323999582017257,0.9526802157267988,0.9639175257731959,0.9423709373762834,0.9213617409779414,0.9162071018026837,0.9110524626274259,0.8905630404229493,0.8705763521879528,0.8510759163430368,0.8459212771677791,0.8407666379925214,0.8356119988172637,0.8165818741134542,0.8114272349381965,0.8062725957629386,0.8011179565876809,0.7959633174124232,0.7908086782371655,0.7856540390619078,0.7804993998866501,0.7753447607113924,0.7701901215361346,0.7789109678894286,0.7737563287141709,0.7686016895389132,0.7634470503636555,0.7582924111883976,0.7531377720131399,0.7479831328378822,0.7428284936626244,0.7376738544873667,0.732519215312109,0.7273645761368512,0.7222099369615935,0.7170552977863358,0.7119006586110781,0.7067460194358204,0.7015913802605627,0.6964367410853048,0.6912821019100471,0.6861274627347894,0.6809728235595316,0.6758181843842739,0.6757661173218976,0.6757161123213975,0.6756680492626645,0.6756218171775974,0.6617018278662241,0.6616589572497447,0.6616176315203456,0.6481571756284923,0.6351380856299285,0.622545866181702,0.6103664996037585,0.5985864299809482,0.5871925478118231,0.5761721751832416
0.8199011095233871,0.8363117587250255,0.8532906129129532,0.8708599124156927,0.889042972145915,0.9078642550804976,0.9273494531512206,0.9475255765515411,0.9587628865979381,0.9372162982010257,0.932061659025768,0.9269070198505102,0.9217523806752524,0.9007431842769105,0.8802537620724338,0.8602670738374373,0.8551124346621796,0.8499577954869217,0.844803156311664,0.8253027204667482,0.8201480812914904,0.8149934421162327,0.809838802940975,0.8046841637657172,0.7995295245904595,0.7943748854152017,0.789220246239944,0.7840656070646863,0.7789109678894286,0.788102125383829,0.7829474862085712,0.7777928470333135,0.7726382078580558,0.7674835686827981,0.7623289295075404,0.7571742903322827,0.752019651157025,0.7468650119817672,0.7417103728065094,0.7365557336312517,0.731401094455994,0.7262464552807362,0.7210918161054785,0.7159371769302207,0.710782537754963,0.7056278985797053,0.7004732594044476,0.6953186202291899,0.6901639810539322,0.6850093418786745,0.6850614089410507,0.6851114139415508,0.6851594770002838,0.685205709085351,0.6709044161985143,0.6709472868149937,0.6709886125443928,0.6571529898875623,0.643770873204483,0.6308274204496981,0.6183082737088155,0.6061995435651447,0.5944877939532656,0.5831600274866198
0.8153966050188827,0.8317246027617227,0.8486177157166914,0.8660980076537879,0.8841886032138762,0.9029137600309927,0.9222989481007156,0.9423709373762834,0.9536082474226804,0.9484536082474226,0.9432989690721649,0.9381443298969072,0.9329896907216495,0.9114431023247369,0.890433905926395,0.8699444837219183,0.8647898445466606,0.8596352053714029,0.8544805661961452,0.8344938779611486,0.8293392387858909,0.8241845996106332,0.8190299604353755,0.8138753212601177,0.80872068208486,0.8035660429096022,0.7984114037343445,0.7932567645590868,0.788102125383829,0.7977795352683101,0.7926248960930524,0.7874702569177947,0.782315617742537,0.7771609785672793,0.7720063393920215,0.7668517002167637,0.761697061041506,0.7565424218662482,0.7513877826909905,0.7462331435157328,0.7410785043404751,0.7359238651652174,0.7307692259899596,0.7256145868147019,0.7204599476394442,0.7153053084641865,0.7101506692889287,0.704996030113671,0.6998413909384132,0.6946867517631555,0.6948429529502845,0.6949929679517847,0.6951371571279839,0.695275853383185,0.6805773156719107,0.6807059275213492,0.6808299047095465,0.6666036966550521,0.6528436401376586,0.6395345298377049,0.6266616515780469,0.6142107669375119,0.6021680982920143,0.5905203142784688
0.7983370419728779,0.8141568331369089,0.8305242255002977,0.8474606173633314,0.864988437612179,0.8831312159217488,0.9019136600209916,0.9213617409779414,0.932061659025768,0.9269070198505102,0.9217523806752524,0.9165977414999947,0.9278350515463918,0.9226804123711341,0.9011338239742215,0.8801246275758796,0.8749699884006219,0.8698153492253642,0.8646607100501064,0.8441712878456298,0.8390166486703721,0.8338620094951142,0.8287073703198565,0.8235527311445988,0.818398091969341,0.8132434527940833,0.8080888136188256,0.8029341744435678,0.7977795352683101,0.8079596791222714,0.8028050399470136,0.7976504007717559,0.7924957615964981,0.7873411224212403,0.7821864832459826,0.7770318440707249,0.7718772048954672,0.7667225657202095,0.7615679265449518,0.756413287369694,0.7512586481944363,0.7461040090191786,0.7409493698439208,0.7357947306686631,0.7306400914934054,0.7254854523181475,0.7203308131428898,0.7151761739676321,0.7100215347923744,0.7048668956171167,0.7051272309289984,0.7053772559314986,0.705617571225164,0.7058487316504991,0.6907364675353879,0.6909508206177852,0.6911574492647808,0.6765247145636484,0.6623712995792538,0.6486816185843327,0.635440584567289,0.6226335940740535,0.6102465124189337,0.5982656592676241
0.7816890826910474,0.7970146186321059,0.8128707146425249,0.8292781195812946,0.8462585831515885,0.8638349242025857,0.8820311059107477,0.9008723187734649,0.9110524626274259,0.9058978234521682,0.9007431842769105,0.8955885451016528,0.9062884631494792,0.9175257731958764,0.8959791847989638,0.890824545623706,0.8856699064484483,0.8805152672731906,0.8753606280979329,0.8543514316995909,0.8491967925243331,0.8440421533490754,0.8388875141738177,0.83373287499856,0.8285782358233023,0.8234235966480445,0.8182689574727868,0.8131143182975291,0.8079596791222714,0.8186595971700978,0.8135049579948401,0.8083503188195824,0.8031956796443246,0.7980410404690669,0.7928864012938092,0.7877317621185513,0.7825771229432936,0.7774224837680359,0.7722678445927782,0.7671132054175205,0.7619585662422628,0.7568039270670051,0.7516492878917473,0.7464946487164896,0.7413400095412318,0.7361853703659741,0.7310307311907164,0.7258760920154587,0.7207214528402008,0.7155668136649431,0.7159312831015776,0.7162813181050779,0.7166177595162093,0.7169413841116785,0.7013983533683451,0.7016984476837014,0.7019877277894953,0.6869319848623253,0.6723692701619555,0.6582835998393801,0.6446594969151522,0.6314819763306059,0.6187365303100274,0.6064091140449499
0.7654392331973878,0.7802840078914772,0.795642758904763,0.8115356011578787,0.8279836211994176,0.8450089436245289,0.8626348041905845,0.8808856305384682,0.8905630404229493,0.8854084012476916,0.8802537620724338,0.890433905926395,0.9011338239742215,0.9123711340206185,0.9072164948453608,0.9020618556701031,0.8969072164948453,0.8917525773195876,0.8865979381443299,0.8650513497474174,0.8598967105721597,0.854742071396902,0.8495874322216441,0.8444327930463864,0.8392781538711287,0.834123514695871,0.8289688755206133,0.8238142363453556,0.8186595971700978,0.8298969072164948,0.8247422680412371,0.8195876288659794,0.8144329896907216,0.8092783505154639,0.8041237113402062,0.7989690721649485,0.7938144329896908,0.788659793814433,0.7835051546391752,0.7783505154639175,0.7731958762886597,0.768041237113402,0.7628865979381443,0.7577319587628866,0.7525773195876289,0.7474226804123711,0.7422680412371134,0.7371134020618557,0.731958762886598,0.7268041237113402,0.7272727272727273,0.7277227722772277,0.7281553398058253,0.7285714285714285,0.7125800133951676,0.7129658489434829,0.713337780508075,0.6978419891304822,0.6828534931347378,0.668355892235534,0.654333301771435,0.6407703379457793,0.627652103321132,0.6149641725864502
0.7495744419010342,0.7639515069390193,0.7788264069311754,0.7942186378544738,0.8101486386058676,0.8266378555548919,0.8437088136115277,0.8613851946935522,0.8705763521879528,0.865421713012695,0.8602670738374373,0.8699444837219183,0.8801246275758796,0.890824545623706,0.8856699064484483,0.8805152672731906,0.8753606280979329,0.8702059889226752,0.8814432989690721,0.8762886597938144,0.8711340206185567,0.865979381443299,0.8608247422680413,0.8556701030927836,0.8505154639175257,0.845360824742268,0.8402061855670103,0.8350515463917525,0.8298969072164948,0.8247422680412371,0.8031956796443246,0.7980410404690669,0.7928864012938092,0.7877317621185513,0.7825771229432936,0.7774224837680359,0.7722678445927782,0.7671132054175205,0.7619585662422628,0.7568039270670051,0.768041237113402,0.7628865979381443,0.7577319587628866,0.7525773195876289,0.7474226804123711,0.7422680412371134,0.7207214528402008,0.7155668136649431,0.7104121744896854,0.7052575353144277,0.7222222222222222,0.706380328006068,0.7069090216521317,0.7238095238095238,0.7242990654205608,0.7247706422018348,0.7252252252252253,0.7092717675925045,0.6938404500770001,0.6789144370217686,0.6644774177688243,0.6505135920693723,0.6370076556908576,0.6239447862479612
0.7340820850931515,0.7480040641838676,0.7624081647457586,0.7773132783152431,0.7927392111323286,0.808706746843876,0.8252377155408905,0.8423550699897429,0.8510759163430368,0.8459212771677791,0.8407666379925214,0.8499577954869217,0.8596352053714029,0.8698153492253642,0.8646607100501064,0.8595060708748486,0.8543514316995909,0.8491967925243331,0.8598967105721597,0.854742071396902,0.8495874322216441,0.8444327930463864,0.8392781538711287,0.834123514695871,0.8289688755206133,0.8238142363453556,0.8186595971700978,0.8135049579948401,0.8083503188195824,0.8031956796443246,0.7821864832459826,0.7770318440707249,0.7718772048954672,0.7667225657202095,0.7615679265449518,0.756413287369694,0.7512586481944363,0.7461040090191786,0.7409493698439208,0.7357947306686631,0.7464946487164896,0.7413400095412318,0.7361853703659741,0.7310307311907164,0.7258760920154587,0.7207214528402008,0.699712256441859,0.6945576172666013,0.6894029780913435,0.70010289613917,0.7171717171717171,0.701429832956563,0.7020546527200928,0.7026556698259643,0.7032342190026443,0.7201834862385321,0.7207207207207207,0.7048469888314426,0.6894926239900436,0.6746409327482643,0.6602757370965554,0.6463813606644137,0.6329426150404511,0.6199447862479612
0.7189499529192929,0.7324290559171867,0.7463749807576479,0.7608060285641831,0.7757413874229638,0.7912011932528706,0.8072065968288744,0.823779837794353,0.8320457916392274,0.8268911524639697,0.8217365132887119,0.830457359642006,0.8396485171364063,0.8493259270208875,0.8441712878456298,0.8390166486703721,0.8338620094951142,0.8287073703198565,0.8388875141738177,0.83373287499856,0.8285782358233023,0.8234235966480445,0.8182689574727868,0.8131143182975291,0.8079596791222714,0.8028050399470136,0.7976504007717559,0.7924957615964981,0.7873411224212403,0.7821864832459826,0.761697061041506,0.7565424218662482,0.7513877826909905,0.7462331435157328,0.7410785043404751,0.7359238651652174,0.7307692259899596,0.7256145868147019,0.7204599476394442,0.7153053084641865,0.7254854523181475,0.7203308131428898,0.7151761739676321,0.7100215347923744,0.7048668956171167,0.699712256441859,0.6792228342373823,0.6740681950621246,0.6842483389160858,0.6949482569639123,0.7121212121212122,0.7128712871287128,0.7135922330097088,0.7142857142857143,0.7149532710280374,0.7155963302752294,0.7162162162162162,0.7004222100703806,0.6851447979030871,0.67036742847476,0.6560740564242864,0.642249129259455,0.6288775743900445,0.6159447862479612
0.7041662358116396,0.7172142722845297,0.7307142312580079,0.7446838370104294,0.7591416735017698,0.7741072434260399,0.789601033236869,0.8056445849575842,0.8134705594438376,0.8083159202685798,0.8031612810933221,0.8114272349381965,0.8201480812914904,0.8293392387858909,0.8241845996106332,0.8190299604353755,0.8138753212601177,0.80872068208486,0.818398091969341,0.8132434527940833,0.8080888136188256,0.8029341744435678,0.7977795352683101,0.7926248960930524,0.7874702569177947,0.782315617742537,0.7771609785672793,0.7720063393920215,0.7668517002167637,0.761697061041506,0.7417103728065094,0.7365557336312517,0.731401094455994,0.7262464552807362,0.7210918161054785,0.7159371769302207,0.710782537754963,0.7056278985797053,0.7004732594044476,0.6953186202291899,0.704996030113671,0.6998413909384132,0.6946867517631555,0.6895321125878977,0.68437747341264,0.6792228342373823,0.6592361460023857,0.654081506827128,0.6637589167116091,0.6739390605655703,0.6906787578490523,0.6915288428575531,0.6923459148560152,0.6931318603021548,0.6938884246101209,0.7110091743119267,0.7117117117117118,0.6959974313093187,0.6807969718161306,0.6660939242012558,0.6518723757520175,0.6381168978544963,0.6248125337396381,0.6119447862479612
0.6897195113660453,0.7023479037180782,0.7154137063923922,0.7289340799451465,0.742927017777882,0.7574114033873798,0.7724070734090382,0.7879348872408263,0.7953353066070687,0.790180667431811,0.7850260282565533,0.7928520027428065,0.8011179565876809,0.809838802940975,0.8046841637657172,0.7995295245904595,0.7943748854152017,0.789220246239944,0.7984114037343445,0.7932567645590868,0.788102125383829,0.7829474862085712,0.7777928470333135,0.7726382078580558,0.7674835686827981,0.7623289295075404,0.7571742903322827,0.752019651157025,0.7468650119817672,0.7417103728065094,0.7222099369615935,0.7170552977863358,0.7119006586110781,0.7067460194358204,0.7015913802605627,0.6964367410853048,0.6912821019100471,0.6861274627347894,0.6809728235595316,0.6758181843842739,0.6850093418786745,0.6798547027034166,0.6747000635281589,0.6695454243529012,0.6643907851776435,0.6592361460023857,0.6397357101574699,0.6345810709822121,0.6437722284766125,0.6534496383610937,0.6697736955754631,0.670723790584964,0.6716369887008921,0.6725153983171658,0.6892155274138593,0.7064220183486238,0.7072072072072072,0.6915726525482567,0.676449145729174,0.6618204199277515,0.6476706950797486,0.6339846664495377,0.6207474930892316,0.6079447862479612
0.6775121494919218,0.6897195113660453,0.7023479037180782,0.7154137063923922,0.7289340799451465,0.742927017777882,0.7574114033873798,0.7724070734090382,0.7795000231358591,0.7744495180853539,0.7693990130348489,0.7769035665258441,0.7848336751368501,0.7932037631064772,0.7881532580559721,0.7831027530054671,0.0,0.0,0.0,0.0,0.0,0.0,0.0,0.0,0.0,0.0,0.0,0.0,0.0,0.0,0.0,0.0,0.0,0.0,0.0,0.0,0.0,0.0,0.0,0.0,0.0,0.0,0.0,0.0,0.0,0.0,0.0,0.0,0.6242717926316966,0.6334629501260971,0.649388407495739,0.6504385125062402,0.6514478367396344,0.667753493555261,0.6845426302175975,0.7018348623853211,0.7027027027027027,0.6871478737871948,0.6721013196422175,0.6575469156542473,0.6434690144074797,0.629852435044579,0.616682452438825,0.6039447862479612
0.6657101713612164,0.6775121494919218,0.6897195113660453,0.7023479037180782,0.7154137063923922,0.7289340799451465,0.742927017777882,0.7574114033873798,0.76420625332703,0.759255758277525,0.75430526322802,0.761498222955841,0.7691027864478364,0.7771329050598424,0.7721824100103375,0.7672319149608325,0.0,0.0,0.0,0.0,0.0,0.0,0.0,0.0,0.0,0.0,0.0,0.0,0.0,0.0,0.0,0.0,0.0,0.0,0.0,0.0,0.0,0.0,0.0,0.0,0.0,0.0,0.0,0.0,0.0,0.0,0.0,0.0,0.6052416679278871,0.6139625142811811,0.6295058533854951,0.6306559683969963,0.6465934678075955,0.6629915887933563,0.6798697330213359,0.6972477064220184,0.6981981981981982,0.6827230950261328,0.667753493555261,0.653273411380743,0.6392673337352108,0.6257202036396203,0.6126174117884186,0.5999447862479612
0.6542986197729899,0.6657101713612164,0.6775121494919218,0.6897195113660453,0.7023479037180782,0.7154137063923922,0.7289340799451465,0.742927017777882,0.7494329356376921,0.7445785667056533,0.7397241977736144,0.7466151738307308,0.7539042596760179,0.7616049492854793,0.7567505803534404,0.7518962114214016,0.0,0.0,0.0,0.0,0.0,0.0,0.0,0.0,0.0,0.0,0.0,0.0,0.0,0.0,0.0,0.0,0.0,0.0,0.0,0.0,0.0,0.0,0.0,0.0,0.0,0.0,0.0,0.0,0.0,0.0,0.0,0.0,0.5866664357324973,0.5949323895773717,0.610109551665332,0.6257054733474914,0.6417390988755567,0.6582296840314514,0.6751968358250742,0.6926605504587156,0.6936936936936937,0.6782983162650709,0.6634056674683045,0.6489999071072386,0.6350656530629419,0.6215879722346616,0.6085523711380121,0.5959447862479612
0.6432631870696701,0.6542986197729899,0.6657101713612164,0.6775121494919218,0.6897195113660453,0.7023479037180782,0.7154137063923922,0.7289340799451465,0.7351600274866199,0.730398122724715,0.7256362179628103,0.7322345999927546,0.739218040220005,0.7465995902354261,0.7418376854735214,0.7370757807116166,0.0,0.0,0.0,0.0,0.0,0.0,0.0,0.0,0.0,0.0,0.0,0.0,0.0,0.0,0.0,0.0,0.0,0.0,0.0,0.0,0.0,0.0,0.0,0.0,0.0,0.0,0.0,0.0,0.0,0.0,0.0,0.0,0.5815117965572396,0.589777750402114,0.6050590466148269,0.6207549782979864,0.6368847299435179,0.6534677792695467,0.6705239386288125,0.6880733944954128,0.6891891891891893,0.6738735375040089,0.6590578413813479,0.6447264028337344,0.630863972390673,0.6174557408297029,0.6044873304876055,0.5919447862479612
0.6325901783503569,0.6432631870696701,0.6542986197729899,0.6657101713612164,0.6775121494919218,0.6897195113660453,0.7023479037180782,0.7154137063923922,0.7213684368654847,0.716695539669223,0.7120226424729612,0.7183375975800778,0.7250249871756651,0.7320974349685586,0.727424537772297,0.7227516405760352,0.0,0.0,0.0,0.0,0.0,0.0,0.0,0.0,0.0,0.0,0.0,0.0,0.0,0.0,0.0,0.0,0.0,0.0,0.0,0.0,0.0,0.0,0.0,0.0,0.0,0.0,0.0,0.0,0.0,0.0,0.0,0.0,0.5763571573819819,0.5846231112268563,0.6000085415643218,0.6158044832484815,0.632030361011479,0.6487058745076419,0.6658510414325508,0.6834862385321101,0.6846846846846847,0.669448758742947,0.6547100152943914,0.6404528985602301,0.6266622917184042,0.6133235094247442,0.600422289837199,0.5879447862479612
0.6222664775535091,0.6325901783503569,0.6432631870696701,0.6542986197729899,0.6657101713612164,0.6775121494919218,0.6897195113660453,0.7023479037180782,0.7080399603579242,0.7034528043946214,0.6988656484313187,0.7049061201373701,0.7113068164774455,0.7180799473059918,0.7134927913426891,0.7089056353793863,0.0,0.0,0.0,0.0,0.0,0.0,0.0,0.0,0.0,0.0,0.0,0.0,0.0,0.0,0.0,0.0,0.0,0.0,0.0,0.0,0.0,0.0,0.0,0.0,0.0,0.0,0.0,0.0,0.0,0.0,0.0,0.0,0.5712025182067242,0.5794684720515986,0.5949580365138167,0.6108539881989765,0.6271759920794402,0.6439439697457372,0.6611781442362892,0.6788990825688074,0.6801801801801801,0.6650239799818851,0.6503621892074349,0.6361793942867259,0.6224606110461353,0.6091912780197856,0.5963572491867926,0.5839447862479612
0.6122795161164876,0.6222664775535091,0.6325901783503569,0.6432631870696701,0.6542986197729899,0.6657101713612164,0.6775121494919218,0.6897195113660453,0.6951572268026307,0.6906527222981261,0.6861482177936216,0.6919229258922659,0.6980460490571155,0.7045293968559891,0.7000248923514847,0.6955203878469802,0.0,0.0,0.0,0.0,0.0,0.0,0.0,0.0,0.0,0.0,0.0,0.0,0.0,0.0,0.0,0.0,0.0,0.0,0.0,0.0,0.0,0.0,0.0,0.0,0.0,0.0,0.0,0.0,0.0,0.0,0.0,0.0,0.5660478790314665,0.5743138328763407,0.5899075314633118,0.6059034931494716,0.6223216231474014,0.6391820649838325,0.6565052470400274,0.6743119266055047,0.6756756756756757,0.660599201220823,0.6460143631204784,0.6319058900132216,0.6182589303738663,0.6050590466148269,0.592292208536386,0.5799447862479612
0.6026172439551754,0.6122795161164876,0.6222664775535091,0.6325901783503569,0.6432631870696701,0.6542986197729899,0.6657101713612164,0.6775121494919218,0.6827036459431002,0.6782788671820382,0.6738540884209763,0.6793715296010042,0.6852259634430911,0.6914288123513832,0.6870040335903214,0.6825792548292593,0.0,0.0,0.0,0.0,0.0,0.0,0.0,0.0,0.0,0.0,0.0,0.0,0.0,0.0,0.0,0.0,0.0,0.0,0.0,0.0,0.0,0.0,0.0,0.0,0.0,0.0,0.0,0.0,0.0,0.0,0.0,0.0,0.5608932398562086,0.569159193701083,0.5848570264128067,0.6009529980999666,0.6174672542153625,0.6344201602219277,0.6518323498437658,0.6697247706422018,0.6711711711711712,0.6561744224597612,0.6416665370335219,0.6276323857397172,0.6140572497015974,0.6009268152098682,0.5882271678859795,0.5759447862479612
0.5932681025376872,0.6026172439551754,0.6122795161164876,0.6222664775535091,0.6325901783503569,0.6432631870696701,0.6542986197729899,0.6657101713612164,0.670663361496539,0.6663155354095825,0.6619677093226259,0.6672361584479097,0.672830552302043,0.6787619388182353,0.6744141127312788,0.6700662866443223,0.0,0.0,0.0,0.0,0.0,0.0,0.0,0.0,0.0,0.0,0.0,0.0,0.0,0.0,0.0,0.0,0.0,0.0,0.0,0.0,0.0,0.0,0.0,0.0,0.0,0.0,0.0,0.0,0.0,0.0,0.0,0.0,0.5557386006809509,0.5640045545258253,0.5798065213623016,0.5960025030504617,0.6126128852833237,0.629658255460023,0.6471594526475041,0.6651376146788991,0.6666666666666666,0.6517496436986993,0.6373187109465653,0.623358881466213,0.6098555690293285,0.5967945838049096,0.584162127235573,0.5719447862479612
0.5842209998527862,0.5932681025376872,0.6026172439551754,0.6122795161164876,0.6222664775535091,0.6325901783503569,0.6432631870696701,0.6542986197729899,0.659021208150514,0.6547477038770098,0.6504741996035055,0.6555017115522804,0.6608444824910165,0.666513198158602,0.6622396938850977,0.6579661896115935,0.0,0.0,0.0,0.0,0.0,0.0,0.0,0.0,0.0,0.0,0.0,0.0,0.0,0.0,0.0,0.0,0.0,0.0,0.0,0.0,0.0,0.0,0.0,0.0,0.0,0.0,0.0,0.0,0.0,0.0,0.0,0.0,0.5505839615056932,0.5588499153505676,0.5747560163117966,0.5910520080009567,0.6077585163512849,0.6248963506981182,0.6424865554512424,0.6605504587155964,0.6621621621621622,0.6473248649376373,0.6329708848596088,0.6190853771927087,0.6056538883570596,0.5926623523999508,0.5800970865851666,0.5679447862479612
0.5754652870966639,0.5842209998527862,0.5932681025376872,0.6026172439551754,0.6122795161164876,0.6222664775535091,0.6325901783503569,0.6432631870696701,0.6477626720605716,0.6435609913883027,0.6393593107160338,0.6441537226947933,0.6492530582448035,0.6546676527847749,0.650465972112506,0.6462642914402371,0.0,0.0,0.0,0.0,0.0,0.0,0.0,0.0,0.0,0.0,0.0,0.0,0.0,0.0,0.0,0.0,0.0,0.0,0.0,0.0,0.0,0.0,0.0,0.0,0.0,0.0,0.0,0.0,0.0,0.0,0.0,0.0,0.5454293223304355,0.5536952761753098,0.5697055112612915,0.5861015129514517,0.602904147419246,0.6201344459362135,0.6378136582549807,0.6559633027522935,0.6576576576576576,0.6429000861765753,0.6286230587726523,0.6148118729192045,0.6014522076847907,0.5885301209949922,0.57603204593476,0.5639447862479613
0.0,0.0,0.0,0.0,0.0,0.0,0.0,0.0,0.0,0.0,0.0,0.0,0.0,0.0,0.0,0.0,0.0,0.0,0.0,0.0,0.0,0.0,0.0,0.0,0.0,0.0,0.0,0.0,0.0,0.0,0.0,0.0,0.4638657506285636,0.462614453552326,0.46132311496964884,0.45998978163631554,0.45861237116799597,0.4571886611881363,0.4557162773628113,0.4641349001281301,0.4728365829121176,0.47120220517154515,0.48013547793553524,0.48936563496325536,0.49890126665942125,0.5087510961608279,0.5189239655300985,0.5294288190510967,0.5402746831551777,0.5485406370000521,0.5646550062107865,0.5811510179019468,0.5980497784872072,0.6153725411743086,0.6331407610587191,0.6513761467889908,0.6531531531531531,0.6384753074155134,0.6242752326856958,0.6105383686457002,0.5972505270125217,0.5843978895900335,0.5719670052843535,0.5599447862479613
0.0,0.0,0.0,0.0,0.0,0.0,0.0,0.0,0.0,0.0,0.0,0.0,0.0,0.0,0.0,0.0,0.0,0.0,0.0,0.0,0.0,0.0,0.0,0.0,0.0,0.0,0.0,0.0,0.0,0.0,0.0,0.0,0.46993200157740544,0.46861966561940016,0.46726533491073874,0.4658669609269989,0.46442235970412715,0.46292920045695723,0.4613849930303969,0.47006628664432226,0.47903943182040976,0.46669770066704064,0.4755483219722325,0.4846927377669936,0.4941393618975165,0.5038967272287891,0.5139734704805935,0.5243783140005916,0.53512004397992,0.5433859978247944,0.5596045011602815,0.5762005228524418,0.5931954095551684,0.6106106364124039,0.6284678638624573,0.6467889908256881,0.6486486486486487,0.6340505286544514,0.6199274065987392,0.606264864372196,0.5930488463402528,0.5802656581850748,0.567901964633947,0.5559447862479613
0.0,0.0,0.0,0.0,0.0,0.0,0.0,0.0,0.0,0.0,0.0,0.0,0.0,0.0,0.0,0.0,0.0,0.0,0.0,0.0,0.0,0.0,0.0,0.0,0.0,0.0,0.0,0.0,0.0,0.0,0.0,0.0,0.4763352451883061,0.47496187034853316,0.4735445475138875,0.4720811328797412,0.4705693409023173,0.4690067323878371,0.46739070136004135,0.4763460882267199,0.48560250536272603,0.4728208238318903,0.47096116600892973,0.480019840570732,0.4893774571356117,0.49904235829675025,0.5090229754310885,0.5193278089500866,0.5299654048046623,0.5382313586495366,0.5545539961097764,0.5712500278029369,0.5883410406231295,0.6058487316504991,0.6237949666661957,0.6422018348623854,0.6441441441441441,0.6296257498933895,0.6155795805117827,0.6019913600986917,0.5888471656679839,0.5761334267801161,0.5638369239835406,0.5519447862479613
0.0,0.0,0.0,0.0,0.0,0.0,0.0,0.0,0.0,0.0,0.0,0.0,0.0,0.0,0.0,0.0,0.0,0.0,0.0,0.0,0.0,0.0,0.0,0.0,0.0,0.0,0.0,0.0,0.0,0.0,0.0,0.0,0.4830869038654122,0.48165249014387157,0.4801721751832416,0.4786437198986888,0.4770647371667127,0.4754326793849223,0.4737448247558912,0.48298611444314155,0.4925380133935131,0.479304171630764,0.46637401004562695,0.47534694337447025,0.48461555237370696,0.4941879893647114,0.5040724803815836,0.5142773038995816,0.5248107656294045,0.5330767194742789,0.5495034910592713,0.5662995327534319,0.5834866716910907,0.6010868268885944,0.619122069469934,0.6376146788990826,0.6396396396396397,0.6252009711323275,0.6112317544248262,0.5977178558251874,0.584645484995715,0.5720011953751575,0.559771883333134,0.5479447862479613
0.0,0.0,0.0,0.0,0.0,0.0,0.0,0.0,0.0,0.0,0.0,0.0,0.0,0.0,0.0,0.0,0.0,0.0,0.0,0.0,0.0,0.0,0.0,0.0,0.0,0.0,0.0,0.0,0.0,0.0,0.0,0.0,0.4901987871765423,0.488703334573234,0.4871600274866198,0.4855665315516605,0.48392035806513223,0.48221885101603157,0.4804591727857651,0.4899985751480341,0.49985857962160635,0.4861599539181085,0.4727747063857024,0.4706740461782086,0.47985364761180216,0.4893336204326726,0.49912198533207863,0.5092267988490765,0.5196561264541468,0.5279220802990212,0.5444529860087663,0.561349037703927,0.5786323027590519,0.5963249221266895,0.6144491722736724,0.6330275229357798,0.6351351351351351,0.6207761923712656,0.6068839283378697,0.5934443515516832,0.5804438043234461,0.5678689639701988,0.5557068426827275,0.5439447862479613
0.0,0.0,0.0,0.0,0.0,0.0,0.0,0.0,0.0,0.0,0.0,0.0,0.0,0.0,0.0,0.0,0.0,0.0,0.0,0.0,0.0,0.0,0.0,0.0,0.0,0.0,0.0,0.0,0.0,0.0,0.0,0.0,0.49768310497614326,0.4961266134910673,0.4945203142784689,0.492861777693103,0.49114841345202254,0.4893774571356117,0.4875459553041099,0.4973960940502328,0.5075772556378703,0.4934007944027592,0.47954783721424865,0.477361435773796,0.4750917428498974,0.48447925150063376,0.4941714902825737,0.5041762937985714,0.5145014872788891,0.5227674411237635,0.5394024809582613,0.556398542654422,0.573777933827013,0.5915630173647848,0.6097762750774106,0.6284403669724771,0.6306306306306306,0.6163514136102036,0.6025361022509133,0.5891708472781789,0.5762421236511772,0.5637367325652402,0.551641802032321,0.5399447862479613
0.0,0.0,0.0,0.0,0.0,0.0,0.0,0.0,0.0,0.0,0.0,0.0,0.0,0.0,0.0,0.0,0.0,0.0,0.0,0.0,0.0,0.0,0.0,0.0,0.0,0.0,0.0,0.0,0.0,0.0,0.0,0.0,0.5055524809730504,0.5039349506062067,0.502265659267624,0.5005420820318517,0.4987615270362191,0.496921121452498,0.4950177960197608,0.5051917227406021,0.5157075354183086,0.5010397446755805,0.4867060262401011,0.4844338835666895,0.48207518307714786,0.4796248825685949,0.4892209952330687,0.49912578874806635,0.5093468481036314,0.5176128019485058,0.5343519759077562,0.5514480476049172,0.5689235648949742,0.58680111260288,0.605103377881149,0.6238532110091743,0.6261261261261262,0.6119266348491417,0.5981882761639566,0.5848973430046746,0.5720404429789083,0.5596045011602815,0.5475767613819145,0.5359447862479613
0.0,0.0,0.0,0.0,0.0,0.0,0.0,0.0,0.0,0.0,0.0,0.0,0.0,0.0,0.0,0.0,0.0,0.0,0.0,0.0,0.0,0.0,0.0,0.0,0.0,0.0,0.0,0.0,0.0,0.0,0.0,0.0,0.5138199667581282,0.5121413975095168,0.5104091140449499,0.508620496158771,0.5067727504085863,0.5048628955575549,0.5028877465235824,0.5133989551951459,0.5242633703187577,0.5090902987125763,0.49426232505412426,0.49190444114775367,0.489456733092569,0.48691396841388196,0.48427050018356377,0.4940752836975613,0.5041922089283737,0.512458162773248,0.5293014708572511,0.5464975525554122,0.5640691959629354,0.5820392078409753,0.6004304806848872,0.6192660550458715,0.6052296723999668,0.5916472988649956,0.5785056670477813,0.5657917896714315,0.5534929656369812,0.541596784226771,0.5300911277113759,0.5189641725864502
0.0,0.0,0.0,0.0,0.0,0.0,0.0,0.0,0.0,0.0,0.0,0.0,0.0,0.0,0.0,0.0,0.0,0.0,0.0,0.0,0.0,0.0,0.0,0.0,0.0,0.0,0.0,0.0,0.0,0.0,0.0,0.0,0.5224990563073805,0.5207594481770014,0.5189641725864502,0.5171105140498649,0.5151955775451279,0.5132162734267863,0.5111693007915784,0.5220317427697003,0.5332591845778278,0.5175664078695829,0.5022302276323218,0.4997866024929923,0.4972498868721645,0.4946146580233434,0.4918750636755591,0.4890247786470563,0.49903756975311586,0.5073035235979902,0.5242509658067461,0.5415470575059073,0.5592148270308964,0.5772773030790705,0.5957575834886256,0.6146788990825688,0.6007251678954624,0.5872225201039336,0.5741578409608247,0.5615182853979273,0.5492912849647122,0.5374645528218124,0.5260260870609694,0.5149641725864502
0.0,0.0,0.0,0.0,0.0,0.0,0.0,0.0,0.0,0.0,0.0,0.0,0.0,0.0,0.0,0.0,0.0,0.0,0.0,0.0,0.0,0.0,0.0,0.0,0.0,0.0,0.0,0.0,0.0,0.0,0.0,0.0,0.5316037009766434,0.5298030539644967,0.5279447862479613,0.5260260870609694,0.5240439598016803,0.5219952064160285,0.5198764101795852,0.5311045097028759,0.5427098913453177,0.5264824963852105,0.51062368533053,0.5080943189582416,0.5054685957717708,0.5027409027528156,0.4999051822875652,0.49695488725806225,0.49388293057785815,0.5021488844227325,0.519200460756241,0.5365965624564023,0.5543604580988576,0.5725153983171658,0.5910846862923639,0.6100917431192661,0.5962206633909578,0.5827977413428717,0.5698100148738682,0.5572447811244229,0.5450896042924434,0.5333323214168537,0.5219610464105628,0.5109641725864502
0.0,0.0,0.0,0.0,0.0,0.0,0.0,0.0,0.0,0.0,0.0,0.0,0.0,0.0,0.0,0.0,0.0,0.0,0.0,0.0,0.0,0.0,0.0,0.0,0.0,0.0,0.0,0.0,0.0,0.0,0.0,0.0,0.5411483250045275,0.539286639110613,0.5373653792680934,0.5353816394306949,0.5333323214168537,0.5312141187638917,0.529023498926213,0.5406321691444712,0.5526309092539139,0.5358534774092577,0.5194571223873594,0.516842014782112,0.5141272840299981,0.5113071268409088,0.5083752802581923,0.5053249752276893,0.5021488844227325,0.4969942452474748,0.514149955705736,0.5316460674068973,0.5495060891668188,0.5677534935552611,0.5864117890961023,0.6055045871559633,0.5917161588864533,0.5783729625818097,0.5654621887869117,0.5529712768509186,0.5408879236201745,0.529200090011895,0.5178960057601564,0.5069641725864502
0.0,0.0,0.0,0.0,0.0,0.0,0.0,0.0,0.0,0.0,0.0,0.0,0.0,0.0,0.0,0.0,0.4763460882267199,0.48610342371303494,0.4962018429408892,0.5066527560418176,0.5174679375743617,0.5286595368248608,0.540240088261384,0.5522225221252361,0.5646201751414727,0.5631010046567849,0.5615387371370706,0.5599315122786594,0.55827736114701,0.5565741981299784,0.5548198121650662,0.5530118571630573,0.5511478415408311,0.549225116765149,0.5472408647966451,0.5451920843088403,0.5430755755404467,0.5408879236201745,0.5386254801812604,0.5506301397271728,0.5630381795525907,0.5456947695744114,0.5287454519526084,0.526044603114402,0.5232408647966451,0.5203282434374218,0.5173002707372392,0.514149955705736,0.5108697307760265,0.5057150916007688,0.5234452473248892,0.5415276214171312,0.5446517202347799,0.5629915887933563,0.5817388918998405,0.6009174311926606,0.5872116543819488,0.5739481838207477,0.5611143626999552,0.5486977725774144,0.5366862429479056,0.5250678586069364,0.5138309651097499,0.5029641725864502
0.0,0.0,0.0,0.0,0.0,0.0,0.0,0.0,0.0,0.0,0.0,0.0,0.0,0.0,0.0,0.0,0.4842283504679863,0.4943190564168336,0.5047624745542483,0.5155704043675305,0.5267550222596529,0.5383288922082261,0.5503049765835296,0.5626966471095702,0.5755176959490619,0.5739502978299396,0.5723384345159487,0.5706801866461594,0.5689735227801719,0.5672162910959329,0.5654062103384837,0.5635408599395857,0.5616176692182413,0.5596339055607915,0.5575866614663032,0.5554728403280919,0.5532891408051462,0.5510320396175638,0.5486977725774144,0.5611143626999552,0.5739481838207477,0.5560223141296456,0.5385040926589638,0.5357175025877986,0.5328247567043984,0.5298196711750411,0.5266955723573924,0.5234452473248892,0.520060888270427,0.5149062490951692,0.5332267913341229,0.5519119093968452,0.5551321343319601,0.5582296840314515,0.5770659947035789,0.5963302752293578,0.5827071498774443,0.5695234050596858,0.5567665366129986,0.5444242683039101,0.5324845622756367,0.5209356272019776,0.5097659244593433,0.4989641725864502
0.0,0.0,0.0,0.0,0.0,0.0,0.0,0.0,0.0,0.0,0.0,0.0,0.0,0.0,0.0,0.0,0.4924830471977235,0.5029197473179385,0.5137212159557779,0.524899656457418,0.5364676620649547,0.5484382269502126,0.5608247574140948,0.5736410832350107,0.5869014691467318,0.5852858433931749,0.5836243842849074,0.5819151134037399,0.5801559368034144,0.578344636451968,0.576478860901982,0.5745561151061948,0.572573749285732,0.5705289467465146,0.5684187105260421,0.5662398487374242,0.5639889584599264,0.5616624080050336,0.5592563173636489,0.5721013196422176,0.5853779622827701,0.5668525926543602,0.5487489857553999,0.5458766544512758,0.5428949010022326,0.5397973513027411,0.5365771263676262,0.5332267913341229,0.5297382981549081,0.5245836589796503,0.5435110693128368,0.5628159715704244,0.5661323226230054,0.569322336492631,0.5723930975073172,0.591743119266055,0.5782026453729399,0.5650986262986238,0.5524187105260421,0.5401507640304058,0.5282828816033678,0.516803395797019,0.5057008838089369,0.4949641725864502
0.0,0.0,0.0,0.0,0.0,0.0,0.0,0.0,0.0,0.0,0.0,0.0,0.0,0.0,0.0,0.0,0.5011228021247669,0.511918548007214,0.523091561121482,0.5346544636673161,0.5466202812288776,0.5590024542006186,0.5718148493857663,0.5850717717505319,0.5987879763138817,0.5971241229258903,0.5954130680233461,0.5936527741308006,0.591841084796137,0.5899757157774832,0.5880542454349602,0.5860741042422839,0.5840325633227029,0.5819267219017177,0.5797534935552611,0.5775095911162367,0.5751915100841867,0.5727955103619837,0.5703175961193636,0.5836080507783452,0.5973451327433629,0.5782026453729399,0.5594966128213161,0.556538540284233,0.5534677792695467,0.5502777653999212,0.5469614143473402,0.5435110693128368,0.5399184420088693,0.5347638028336116,0.554315121485416,0.5742574257425742,0.5776699029126213,0.580952380952381,0.5841121495327103,0.5871559633027523,0.5736981408684353,0.5606738475375619,0.5480708844390856,0.5358772597569016,0.5240812009310989,0.5126711643920603,0.5016358431585304,0.4909641725864502
0.0,0.0,0.0,0.0,0.0,0.0,0.0,0.0,0.0,0.0,0.0,0.0,0.0,0.0,0.0,0.0,0.510160666839981,0.521328952460664,0.5328874614071969,0.5448492502358353,0.5572277929012203,0.5700369925921311,0.5832911937475186,0.5970051942355331,0.611194257674897,0.6094821766524712,0.6077215259556502,0.6059102090517265,0.6040460069827248,0.6021265692968638,0.6001494041618038,0.5981118675722383,0.596011151553539,0.5938442712507862,0.5916080507783452,0.5892991076889144,0.5869138359023122,0.584448386912799,0.5818986490689435,0.5792602246913887,0.5929203539823009,0.5736981408684353,0.5707640140810976,0.5677202003110555,0.5645604317307262,0.5612779536909666,0.5578654765209194,0.554315121485416,0.5506183600566957,0.545463720881438,0.5656565656565656,0.5693069306930694,0.5564235847589277,0.5597985269688215,0.5630473031147938,0.5825688073394495,0.5691936363639308,0.5562490687764999,0.5437230583521291,0.5316037554833972,0.51987952025883,0.5085389329871016,0.49757080250812386,0.4869641725864502
0.0,0.0,0.0,0.0,0.0,0.0,0.0,0.0,0.0,0.0,0.0,0.0,0.0,0.0,0.0,0.0,0.5196101353193695,0.5311649120341247,0.5431233410515328,0.5554989293127741,0.5683056157146693,0.5815577833737242,0.5952702720787509,0.6094583909143997,0.6241379310344828,0.6223776223776224,0.6205673758865248,0.6187050359712231,0.6167883211678832,0.6148148148148148,0.612781954887218,0.6106870229007634,0.6085271317829457,0.6062992125984252,0.604,0.6016260162601625,0.5991735537190083,0.5966386554621849,0.594017094017094,0.591304347826087,0.588495575221239,0.5855855855855856,0.5825688073394495,0.5794392523364486,0.5761904761904761,0.5728155339805825,0.5693069306930694,0.5656565656565656,0.5618556701030928,0.5567010309278351,0.5606060606060606,0.5643564356435644,0.5679611650485437,0.5714285714285714,0.5747663551401869,0.5779816513761468,0.5646891318594263,0.551824290015438,0.5393752322651726,0.527330251209893,0.5156778395865611,0.504406701582143,0.49350576185771733,0.4829641725864502
0.0,0.0,0.0,0.0,0.0,0.0,0.0,0.0,0.0,0.0,0.0,0.0,0.0,0.0,0.0,0.0,0.5165045452572576,0.5280202579460744,0.5399386276757366,0.5522731228611613,0.5650376418584602,0.5782465250955785,0.5919145673807644,0.606057030370182,0.6206896551724138,0.6188811188811189,0.6170212765957447,0.6151079136690647,0.6131386861313869,0.6111111111111112,0.5926306071693227,0.5904782797859788,0.5882592135690429,0.5859702555027547,0.5836080507783452,0.5811690263881013,0.5786493730923948,0.5760450255682612,0.573351640521935,0.5869565217391304,0.584070796460177,0.5646891318594263,0.561589702154492,0.5583744059185322,0.5550366222069166,0.5679611650485437,0.5479644864219095,0.5442141113844059,0.5403090817061803,0.5351544425309226,0.5391636063339008,0.5430139913724046,0.5467148468948501,0.5502747174450119,0.5537015087222704,0.5570025461911893,0.5443300701318377,0.5320647282251572,0.5201953571184772,0.5087109502667305,0.49760067338574043,0.4868538771570522,0.4764601075457998,0.4664091140449499
0.0,0.0,0.0,0.0,0.0,0.0,0.0,0.0,0.0,0.0,0.0,0.0,0.0,0.0,0.0,0.0,0.5008438966536456,0.5118949901965131,0.5233333212798084,0.5351718308809965,0.5474238713325927,0.560103217757694,0.5732240796535589,0.58680111260288,0.6008494300886901,0.5989926661629607,0.5970832280833098,0.5951188421452517,0.5930971018732357,0.5910154581857526,0.5730166514499979,0.5708069286697648,0.5685286873537106,0.5661786904056547,0.563753493555261,0.5612494285146106,0.5586625844643519,0.555988787672908,0.5690781362484307,0.5826086956521739,0.5796460176991151,0.5601846273549218,0.5570025461911893,0.5537015087222704,0.5502747174450119,0.5631067961165048,0.5430139913724046,0.5233090491108165,0.5192998853078383,0.5141452461325806,0.5182585440603116,0.5222089390998155,0.5260059207397271,0.5296582554600229,0.5331740543029245,0.5365608330048023,0.5244907825981142,0.5128079004043564,0.5015017343618625,0.49056196046467454,0.47997839969333944,0.46974103209058243,0.459840008353893,0.4502656592676241
0.0,0.0,0.0,0.0,0.0,0.0,0.0,0.0,0.0,0.0,0.0,0.0,0.0,0.0,0.0,0.0,0.510293365133034,0.5087503361084628,0.5071679942425011,0.5185254314092516,0.5302804119478319,0.5424461628098901,0.5550363258958335,0.5680649690294435,0.581546597003537,0.579641605443373,0.5776825715694455,0.5756671626200092,0.5735929096136552,0.5714571972589647,0.5539224699245383,0.5516553517474161,0.5493179353322437,0.54690689950242,0.5444187105260421,0.5418496048349852,0.5391955700301744,0.5517871070006392,0.5648046319749265,0.5782608695652174,0.5752212389380531,0.5720720720720721,0.5688073394495413,0.5654205607476636,0.5619047619047619,0.558252427184466,0.5380634963228997,0.5182585440603116,0.4988104631033617,0.493655823928104,0.49787325598058757,0.5019236610210916,0.5058167687784693,0.5095615676688993,0.5131663740774439,0.5166388940122806,0.5051542290338709,0.4940373249736362,0.48327842274635424,0.4728678631710382,0.46279610535955945,0.4530537421441235,0.44363151292616065,0.4345203142784688
0.0,0.0,0.0,0.0,0.0,0.0,0.0,0.0,0.0,0.0,0.0,0.0,0.0,0.0,0.0,0.0,0.5201683887324333,0.5185862956819235,0.516963894528216,0.5152996249576387,0.5135918450714907,0.5252594190031927,0.5373348245281887,0.5498315594254869,0.562763538112249,0.5608103189176505,0.5588016892494464,0.556735257288632,0.5546084915479399,0.5524187105260421,0.5353310223685589,0.5330065087945476,0.5306099172802567,0.5281378425686655,0.5255866614663033,0.5229525151248399,0.5350633386252157,0.5475854263283703,0.5605311277014222,0.5739130434782609,0.5707964601769911,0.5511756183459128,0.5478282342645837,0.544355714329747,0.5407509079212024,0.5370061090307724,0.5172584440503105,0.49787325598058757,0.47882377486836514,0.47366913569310737,0.47799070187034365,0.4821411169118478,0.4861303507866916,0.4899676138472556,0.49366142782144345,0.4972196889892391,0.4863039278597081,0.47573706068402255,0.4655100036392656,0.4556137452360229,0.44603936614579026,0.43677805596183894,0.42782112728659893,0.41916002748661985
0.0,0.0,0.0,0.0,0.0,0.0,0.0,0.0,0.0,0.0,0.0,0.0,0.0,0.0,0.0,0.0,0.5304833916904537,0.5288622346140053,0.5271997741725519,0.5254944115261578,0.5237444642354137,0.521948160725047,0.5201036343016504,0.532084402211611,0.5444832131904412,0.5424817663614081,0.5404235408989274,0.5383060859267349,0.5361268074517047,0.5338829577625995,0.5172258272026601,0.5148439182317596,0.5123881516183505,0.5242008346946497,0.5364187105260421,0.5337195235341722,0.5309311072202569,0.5433837456561014,0.5562576234279178,0.5695652173913044,0.5663716814159292,0.5466711138414083,0.5273865210781968,0.5238282599104012,0.5201344459362134,0.5162971828756494,0.49697316597158664,0.47799070187034365,0.4593233390234492,0.45416869984819147,0.45859440015018044,0.46284482519268466,0.4669301851849946,0.4708599124156927,0.4746427339555236,0.4782867363562781,0.4679239378266519,0.4578916889028285,0.44818156389079805,0.43878518242101827,0.4296942306961955,0.420900479567725,0.4123957998443434,0.40417217518324167
0.48641668733546367,0.49700911476500625,0.5079752516110875,0.5193278089500866,0.5310799213830963,0.5432451606888584,0.5558375498795181,0.5545257809977624,0.5531843676215038,0.5379368078395219,0.5365330093258969,0.5489718589486918,0.5475012198262309,0.5459953558146091,0.5444529860087663,0.5428727666371359,0.5412532871568936,0.5395930660545067,0.5378905463253075,0.5361440906030966,0.5343519759077562,0.532512387975453,0.5306234151322156,0.5286830416673933,0.5266891406587141,0.5246394661952465,0.522531644938489,0.5203631669549185,0.5181313757455501,0.5158334573892377,0.5134664287064195,0.5110271243386298,0.5228579792957606,0.5350958758803728,0.547753493555261,0.5449892659129846,0.5421336588445173,0.5391820649838325,0.5519841191544136,0.5652173913043478,0.5619469026548672,0.5421666093369037,0.5227993651148941,0.5191553627141395,0.5153725411743086,0.5114428139436106,0.4920226709220817,0.4729401968198386,0.45416869984819147,0.44901406067293376,0.43966840957112363,0.44401884461462804,0.448200330724404,0.4522225221252362,0.4560943512307102,0.45982409486442366,0.4499988403020153,0.4404862964802555,0.4312786792623412,0.42236822337018814,0.41374720503477136,0.40540796137091734,0.39734290689055873,0.3895445475138875
0.4955713587494893,0.5065347684952117,0.5178848075070851,0.5296346258201537,0.5417978117005258,0.5543884057802516,0.5674209156099497,0.5660782815780351,0.5647053055340998,0.5489551505109308,0.5475183214440439,0.5603936790101629,0.5588884366142323,0.5573471405082194,0.5557684796481215,0.5541510786442174,0.5524934937644399,0.5507942086361146,0.5490516296191695,0.547264080821142,0.5454297987212052,0.5435469263669656,0.5416135071038871,0.5396274777928338,0.5375866614663033,0.5354887593684011,0.5333313423173671,0.5311118413224184,0.528827537378712,0.5264755503551921,0.5240528268798371,0.5215561271151582,0.5338140593632514,0.546493651035576,0.5596080507783452,0.5567787824856623,0.5538559846626427,0.5508349415346477,0.5477106148809093,0.5608695652173913,0.5575221238938053,0.5376621048323993,0.5340667663746755,0.5303370227409621,0.526465193635488,0.5224430022346559,0.5024069589017957,0.4827217408290724,0.46335985734259194,0.45820521816733417,0.4484933900491703,0.4390683495651231,0.4299253687722331,0.4340400243431993,0.4380008610143164,0.4418163458809888,0.43251372213599976,0.42350645917769325,0.41478739839805884,0.4063493741075287,0.39818523757065344,0.3902878776625805,0.38265023857079805,0.37526533491073877
0.5051241399516857,0.5164720259895916,0.5282199185230936,0.540381422048842,0.5529705945263748,0.5660019620127513,0.579490533730462,0.5781170345483885,0.5767124958367765,0.5604438043234461,0.5589739447032975,0.5723017514617146,0.5707619057923143,0.5691851775919103,0.5675702256775572,0.5659156430413795,0.5642199527620669,0.5624816036078031,0.5606989653031121,0.5588703234292679,0.5569938739247349,0.5550677171485586,0.5530898514656394,0.551058166308355,0.5489704346639731,0.5468243049316365,0.5446172920863258,0.5423467680799989,0.5400099514019545,0.5376038957112272,0.5351254774433354,0.5325713822817673,0.5452728734002222,0.5584112003846444,0.572,0.5691056910569106,0.5661157024793388,0.5630252100840336,0.5598290598290598,0.5565217391304348,0.5530973451327433,0.5495495495495496,0.5458715596330275,0.5420560747663551,0.5380952380952381,0.5339805825242718,0.513311021075375,0.4930060188077863,0.473037267227073,0.4678826280518153,0.0,0.0,0.0,0.0,0.0,0.0,0.0,0.0,0.0,0.0,0.0,0.0,0.37526533491073877,0.3681262645759481
0.5150885249180565,0.5268348386039822,0.538995008897723,0.5515831107859499,0.5646136884933303,0.5781017706353317,0.5920628858204544,0.590658521488222,0.5892224201089333,0.5724187105260421,0.5709158203526317,0.5847125578827463,0.5831381089398764,0.5815259486450813,0.5798747056764731,0.5781829414080217,0.576449145729174,0.5746717325489717,0.5728490349565349,0.5709793000068739,0.5690606830977447,0.5670912418996319,0.5650689297968717,0.5629915887933563,0.5608569418311231,0.5586625844643519,0.5564059758247646,0.5540844288070595,0.5516950993946771,0.5492349750367425,0.5467008619763136,0.5440893714178564,0.5413969044079742,0.5544741925106287,0.5680000000000001,0.5486487011848493,0.5455915218527254,0.54243158019011,0.5391636063339008,0.5357819638218235,0.5486725663716814,0.5286530958233903,0.52489245444807,0.5209912283484387,0.5169413841116786,0.529126213592233,0.50836052602587,0.48795551375728125,0.4832174110810342,0.4780627719057765,0.0,0.0,0.0,0.0,0.0,0.0,0.0,0.0,0.0,0.0,0.0,0.0,0.3681262645759481,0.3612262196023699
0.525478465004438,0.5376376305769939,0.550224991780772,0.5632551106641642,0.5767430348503664,0.5907043132273921,0.6051550121043121,0.6037197826219206,0.6022521185749554,0.5848963506981182,0.583360429971446,0.5976431384976435,0.5960340862813038,0.5943864938921177,0.5926989598692544,0.5909700139685293,0.5891981128901465,0.5873816356840056,0.5855188788038229,0.5836080507783452,0.5816472664646197,0.5796345408445704,0.5775677823219694,0.5754447854722228,0.5732632231921383,0.5710206381909326,0.5687144337570686,0.5663418637279856,0.563900021581265,0.5613858285561231,0.5587960207031573,0.5561271347478108,0.5533754926388104,0.5505371846366129,0.5640000000000001,0.5445836605344427,0.5414592904477668,0.5382298995178411,0.5348901020603966,0.531434137734867,0.5442477876106194,0.5241485913188858,0.504450741261683,0.5004637739290928,0.5121794793497738,0.5242718446601942,0.503410030976365,0.49875956592986037,0.4939173291288607,0.48876268995360295,0.0,0.0,0.0,0.0,0.0,0.0,0.0,0.0,0.0,0.0,0.0,0.0,0.3612262196023699,0.3545584952908546
0.5363083844494405,0.5488953150584251,0.5619252858049276,0.5754133629324593,0.5893751151768827,0.6038266300133179,0.6187845303867403,0.61731843575419,0.615819209039548,0.5978937650640596,0.5963248137841256,0.6111111111111112,0.6094674556213018,0.6077844311377245,0.6060606060606061,0.6042944785276073,0.6024844720496895,0.60062893081761,0.5987261146496815,0.5967741935483871,0.5947712418300654,0.5927152317880795,0.5906040268456376,0.5884353741496599,0.5862068965517242,0.583916083916084,0.5815602836879432,0.579136690647482,0.5766423357664233,0.5740740740740741,0.5714285714285714,0.5687022900763359,0.5658914728682171,0.562992125984252,0.56,0.556910569105691,0.5537190082644629,0.5504201680672269,0.5470085470085471,0.5434782608695652,0.5398230088495575,0.5196440868143812,0.49986358529838026,0.4957908767328311,0.5074175745878691,0.5194174757281553,0.5148514851485149,0.51010101010101,0.5051546391752577,0.5,0.0,0.0,0.0,0.0,0.0,0.0,0.0,0.0,0.0,0.0,0.0,0.0,0.3545584952908546,0.34811649780139425
0.5375705074732215,0.5501838699779922,0.5632411117280833,0.5767573348646664,0.5907481459616781,0.6052296723999668,0.6202185792349727,0.6023925811650855,0.61731843575419,0.5994272598178932,0.6142857142857143,0.6127167630057804,0.5947191618894563,0.6094674556213018,0.5913924819160697,0.5896686568389513,0.5879025293059525,0.5860925228280347,0.5842369815959553,0.5823341654280267,0.5803822443267324,0.5783792926084106,0.5763232825664247,0.5742120776239829,0.5720434249280051,0.5698149473300693,0.5675241346944292,0.5651683344662886,0.5627447414258272,0.5602503865447686,0.5576821248524193,0.5550366222069166,0.5523103408546811,0.5494995236465623,0.5466001767625972,0.5436080507783452,0.5405186198840363,0.5373270590428081,0.5340282188455722,0.5306165977868922,0.5270863116479104,0.5075765024048186,0.48845474656207816,0.4845288022691614,0.4957908767328311,0.5074175745878691,0.5030255265065006,0.4984595359268601,0.49370906087935534,0.48865855582885026,0.0,0.0,0.0,0.0,0.0,0.0,0.0,0.0,0.0,0.0,0.0,0.0,0.34174560874669646,0.3356559336419832
0.5388070036335756,0.5514459930017732,0.5645296666476505,0.5780731607878222,0.5920921178938854,0.6066027031847624,0.6216216216216216,0.6202185792349727,0.6023925811650855,0.61731843575419,0.615819209039548,0.5978937650640596,0.5963248137841256,0.6111111111111112,0.593075506399647,0.5755379246929856,0.573814099615867,0.5720479720828684,0.5702379656049504,0.5683824243728711,0.5664796082049426,0.5645276871036481,0.5625247353853264,0.5604687253433405,0.5583575204008986,0.5561888677049209,0.5539603901069852,0.5516695774713449,0.5493137772432043,0.546890184202743,0.5443958293216844,0.5418275676293351,0.5391820649838325,0.5364557836315968,0.5336449664234781,0.530745619539513,0.527753493555261,0.5246640626609521,0.5214725018197238,0.5181736616224879,0.514762040563808,0.4958969713956073,0.4774096703158608,0.4736226975023393,0.4845288022691614,0.4957908767328311,0.4915630173647848,0.48717096928341636,0.4826049787037759,0.47765448365427093,0.0,0.0,0.0,0.0,0.0,0.0,0.0,0.0,0.0,0.0,0.0,0.0,0.3379288148535667,0.3318965351457426
0.5400186455997517,0.5526824891621274,0.5657917896714315,0.5793617157073893,0.5934079438170411,0.6079466751169695,0.6229946524064172,0.6216216216216216,0.6202185792349727,0.6187845303867403,0.61731843575419,0.615819209039548,0.6142857142857143,0.6127167630057804,0.5947191618894563,0.5772209491765627,0.5602031416637666,0.5584793165866482,0.5567131890536494,0.5549031825757316,0.5530476413436521,0.5511448251757236,0.5491929040744292,0.5471899523561075,0.5451339423141216,0.5430227373716797,0.540854084675702,0.5386256070777662,0.5363347944421261,0.5339789942139854,0.5315554011735241,0.5290610462924654,0.5264927846001162,0.5238472819546135,0.521121000602378,0.5183101833942592,0.5154108365102941,0.512418710526042,0.5093292796317331,0.506137718790505,0.502838878593269,0.48459520847485027,0.4667191256662103,0.4630638736462026,0.4736226975023393,0.4845288022691614,0.4804560937036122,0.47622823433556594,0.47183618625419743,0.4669818173221586,0.0,0.0,0.0,0.0,0.0,0.0,0.0,0.0,0.0,0.0,0.0,0.0,0.3431081136114653,0.3368383023126724
0.5277855822678618,0.5400186455997517,0.5526824891621274,0.5657917896714315,0.5793617157073893,0.5934079438170411,0.6079466751169695,0.6066027031847624,0.6052296723999668,0.6038266300133179,0.6023925811650855,0.6009264865325352,0.5994272598178932,0.5978937650640596,0.5804702565610413,0.5635298216371531,0.5470541170876051,0.5453710926040278,0.5436472675269093,0.5418811399939106,0.5400711335159927,0.5382155922839134,0.5363127761159848,0.5343608550146903,0.5323579032963686,0.5303018932543827,0.5281906883119408,0.5260220356159632,0.5237935580180274,0.5215027453823872,0.5191469451542465,0.5167233521137853,0.5142289972327266,0.5116607355403773,0.5090152328948747,0.5062889515426392,0.5034781343345203,0.5005787874505552,0.49758666146630326,0.4944972305719943,0.49130566973076606,0.47366103286387196,0.45637392627664036,0.45284364013765854,0.4630638736462026,0.4736226975023393,0.4696967532094225,0.46562404464387336,0.46139618527582704,0.4566342805139223,0.4466053507779535,0.43688831504790987,0.4274763177794928,0.4183624026749458,0.4095395488275586,0.4010007020026668,0.39273880167342684,0.38474680434612396,0.3770177036385262,0.3695445475138875,0.362320453020975,0.35533861884561785,0.34859233594061473,0.34207499646746026
0.5159690986948247,0.5277855822678618,0.5400186455997517,0.5526824891621274,0.5657917896714315,0.5793617157073893,0.5934079438170411,0.5920921178938854,0.5907481459616781,0.5893751151768827,0.5879720727902337,0.5865380239420014,0.585071929309451,0.5835727025948091,0.5667044248117564,0.5503034244720836,0.5343519759077562,0.5327083204179468,0.5310252959343696,0.5293014708572511,0.5275353433242524,0.5257253368463345,0.5238697956142552,0.5219669794463266,0.5200150583450321,0.5180121066267105,0.5159560965847245,0.5138448916422826,0.511676238946305,0.5094477613483692,0.507156948712729,0.5048011484845883,0.5023775554441271,0.49988320056306845,0.49731493887071915,0.49466943622521653,0.49194315487298096,0.48913233766486214,0.48623299078089705,0.4832408647966451,0.4801514339023361,0.46308438753255615,0.44636495431518813,0.44295333325650826,0.45284364013765854,0.4630638736462026,0.45927690083268113,0.4553509565397643,0.4512782479742152,0.4466053507779535,0.43688831504790987,0.4274763177794928,0.4183624026749458,0.4095395488275586,0.4010007020026668,0.39273880167342684,0.38474680434612396,0.3770177036385262,0.3695445475138875,0.362320453020975,0.35533861884561785,0.34859233594061473,0.34207499646746026,0.3357801012544714
0.0,0.0,0.0,0.0,0.0,0.0,0.0,0.0,0.0,0.0,0.0,0.0,0.0,0.0,0.0,0.0,0.0,0.0,0.0,0.0,0.0,0.0,0.0,0.0,0.0,0.0,0.0,0.0,0.0,0.0,0.0,0.0,0.4909256629560366,0.4885020699155754,0.48600771503451673,0.4834394533421674,0.48079395069666475,0.47806766934442924,0.4752568521363104,0.4723575052523453,0.46936537926809335,0.4528553553536523,0.436683180850913,0.4333843406536771,0.44295333325650826,0.45284364013765854,0.4491883881176509,0.4454014153041294,0.44147547101121265,0.43688831504790987,0.4274763177794928,0.4183624026749458,0.4095395488275586,0.4010007020026668,0.39273880167342684,0.38474680434612396,0.3770177036385262,0.3695445475138875,0.362320453020975,0.35533861884561785,0.34859233594061473,0.34207499646746026,0.3357801012544714,0.3297012659508576
0.0,0.0,0.0,0.0,0.0,0.0,0.0,0.0,0.0,0.0,0.0,0.0,0.0,0.0,0.0,0.0,0.0,0.0,0.0,0.0,0.0,0.0,0.0,0.0,0.0,0.0,0.0,0.0,0.0,0.0,0.0,0.0,0.47986087016404516,0.4775050699359045,0.4750814768954433,0.47258712201438463,0.4700188603220353,0.46737335767653265,0.46464707632429714,0.4618362591161783,0.4589369122322132,0.4429641725864502,0.42731968315064095,0.4241281223094127,0.4333843406536771,0.44295333325650826,0.43942304711752644,0.4357677950975188,0.4319808222839973,0.4274763177794928,0.4183624026749458,0.4095395488275586,0.4010007020026668,0.39273880167342684,0.38474680434612396,0.3770177036385262,0.3695445475138875,0.362320453020975,0.35533861884561785,0.34859233594061473,0.34207499646746026,0.3357801012544714,0.3297012659508576,0.32383222603452355
0.0,0.0,0.0,0.0,0.0,0.0,0.0,0.0,0.0,0.0,0.0,0.0,0.0,0.0,0.0,0.0,0.0,0.0,0.0,0.0,0.0,0.0,0.0,0.0,0.0,0.0,0.0,0.0,0.0,0.0,0.0,0.0,0.46917106913817436,0.4668802565025341,0.4645244562743935,0.46210086323393224,0.4596065083528736,0.4570382466605243,0.4543927440150216,0.4516664626627861,0.4488556454546673,0.4334012400292019,0.41826565926762405,0.4151762283733151,0.4241281223094127,0.4333843406536771,0.4299727195949972,0.4264424334560154,0.42278718143600774,0.4183624026749458,0.4095395488275586,0.4010007020026668,0.39273880167342684,0.38474680434612396,0.3770177036385262,0.3695445475138875,0.362320453020975,0.35533861884561785,0.34859233594061473,0.34207499646746026,0.3357801012544714,0.3297012659508576,0.32383222603452355,0.3181668408124608
0.0,0.0,0.0,0.0,0.0,0.0,0.0,0.0,0.0,0.0,0.0,0.0,0.0,0.0,0.0,0.0,0.0,0.0,0.0,0.0,0.0,0.0,0.0,0.0,0.0,0.0,0.0,0.0,0.0,0.0,0.0,0.0,0.45884448819460977,0.45661601059667406,0.4543251979610338,0.4519693977328932,0.44954580469243194,0.4470514498113733,0.444483188119024,0.4418376854735213,0.4391114041212858,0.4241571321358411,0.4095124402627208,0.40652031427846885,0.4151762283733151,0.4241281223094127,0.4208292821121768,0.4174176610534969,0.4138873749145151,0.4095395488275586,0.4010007020026668,0.39273880167342684,0.38474680434612396,0.3770177036385262,0.3695445475138875,0.362320453020975,0.35533861884561785,0.34859233594061473,0.34207499646746026,0.3357801012544714,0.3297012659508576,0.32383222603452355,0.3181668408124608,0.312699096536068
0.0,0.0,0.0,0.0,0.0,0.0,0.0,0.0,0.0,0.0,0.0,0.0,0.0,0.0,0.0,0.0,0.0,0.0,0.0,0.0,0.0,0.0,0.0,0.0,0.0,0.0,0.0,0.0,0.0,0.0,0.0,0.0,0.4488696861132616,0.4467010334172839,0.4444725558193482,0.44218174318370795,0.4398259429555673,0.43740234991510607,0.4349079950340474,0.4323397333416981,0.4296942306961955,0.41522260435480474,0.4010515003548369,0.3981521534708718,0.40652031427846885,0.4151762283733151,0.41198466753208685,0.4086858273348509,0.40527420627617106,0.4010007020026668,0.39273880167342684,0.38474680434612396,0.3770177036385262,0.3695445475138875,0.362320453020975,0.35533861884561785,0.34859233594061473,0.34207499646746026,0.3357801012544714,0.3297012659508576,0.32383222603452355,0.3181668408124608,0.312699096536068,0.3074231087393187
0.0,0.0,0.0,0.0,0.0,0.0,0.0,0.0,0.0,0.0,0.0,0.0,0.0,0.0,0.0,0.0,0.0,0.0,0.0,0.0,0.0,0.0,0.0,0.0,0.0,0.0,0.0,0.0,0.0,0.0,0.0,0.0,0.43923554606654835,0.4371243411241064,0.4349556884281287,0.432727210830193,0.43043639819455276,0.4280805979664121,0.4256570049259509,0.42316265004489223,0.4205943883525429,0.4065885989151913,0.39287446525957753,0.3900636480514587,0.3981521534708718,0.40652031427846885,0.4034308833841599,0.40023932254293165,0.39694048234569573,0.39273880167342684,0.38474680434612396,0.3770177036385262,0.3695445475138875,0.362320453020975,0.35533861884561785,0.34859233594061473,0.34207499646746026,0.3357801012544714,0.3297012659508576,0.32383222603452355,0.3181668408124608,0.312699096536068,0.3074231087393187,0.3023331238950674
0.0,0.0,0.0,0.0,0.0,0.0,0.0,0.0,0.0,0.0,0.0,0.0,0.0,0.0,0.0,0.0,0.0,0.0,0.0,0.0,0.0,0.0,0.0,0.0,0.0,0.0,0.0,0.0,0.0,0.0,0.0,0.0,0.4299312693166852,0.42787525927469927,0.4257640543322574,0.4235954016362797,0.42136692403834397,0.41907611140270373,0.4167203111745631,0.41429671813410185,0.4118023632530432,0.3982462492573157,0.3849731189424589,0.3822468375902234,0.3900636480514587,0.3981521534708718,0.3951600274866198,0.39207059659231086,0.3888790357510826,0.38474680434612396,0.3770177036385262,0.3695445475138875,0.362320453020975,0.35533861884561785,0.34859233594061473,0.34207499646746026,0.3357801012544714,0.3297012659508576,0.32383222603452355,0.3181668408124608,0.312699096536068,0.3074231087393187,0.3023331238950674,0.2974235204737196
0.0,0.0,0.0,0.0,0.0,0.0,0.0,0.0,0.0,0.0,0.0,0.0,0.0,0.0,0.0,0.0,0.0,0.0,0.0,0.0,0.0,0.0,0.0,0.0,0.0,0.0,0.0,0.0,0.0,0.0,0.0,0.0,0.4209463687316287,0.418943417013307,0.4168874069713211,0.4147762020288792,0.4126075493329015,0.4103790717349658,0.40808825909932556,0.4057324588711849,0.4033088658307237,0.39018688328031087,0.37733940898481283,0.3746939063393102,0.3822468375902234,0.3900636480514587,0.3871643011674936,0.38417217518324165,0.3810827442889327,0.3770177036385262,0.3695445475138875,0.362320453020975,0.35533861884561785,0.34859233594061473,0.34207499646746026,0.3357801012544714,0.3297012659508576,0.32383222603452355,0.3181668408124608,0.312699096536068,0.3074231087393187,0.3023331238950674,0.2974235204737196,0.2926888094787781
0.0,0.0,0.0,0.0,0.0,0.0,0.0,0.0,0.0,0.0,0.0,0.0,0.0,0.0,0.0,0.0,0.0,0.0,0.0,0.0,0.0,0.0,0.0,0.0,0.0,0.0,0.0,0.0,0.0,0.0,0.0,0.0,0.412270662163569,0.4103187410622746,0.40831578934395285,0.406259779301967,0.40414857435952506,0.40197992166354735,0.39975144406561164,0.3974606314299714,0.39510483120183076,0.3824020255582208,0.36996545073607223,0.3673971890437229,0.3746939063393102,0.3822468375902234,0.37943602038210456,0.37653667349813946,0.3735445475138875,0.3695445475138875,0.362320453020975,0.35533861884561785,0.34859233594061473,0.34207499646746026,0.3357801012544714,0.3297012659508576,0.32383222603452355,0.3181668408124608,0.312699096536068,0.3074231087393187,0.3023331238950674,0.2974235204737196,0.2926888094787781,0.2881236345252331
0.0,0.0,0.0,0.0,0.0,0.0,0.0,0.0,0.0,0.0,0.0,0.0,0.0,0.0,0.0,0.0,0.0,0.0,0.0,0.0,0.0,0.0,0.0,0.0,0.0,0.0,0.0,0.0,0.0,0.0,0.0,0.0,0.40389426572834886,0.4019914495604203,0.4000395284591258,0.3980365767408041,0.3959805666988182,0.3938693617563763,0.3917007090603986,0.3894722314624629,0.38718141882682267,0.3748833986575921,0.36284353040489065,0.360349175523832,0.3673971890437229,0.3746939063393102,0.37196762498707464,0.3691568077789558,0.3662574608949907,0.362320453020975,0.35533861884561785,0.34859233594061473,0.34207499646746026,0.3357801012544714,0.3297012659508576,0.32383222603452355,0.3181668408124608,0.312699096536068,0.3074231087393187,0.3023331238950674,0.2974235204737196,0.2926888094787781,0.2881236345252331,0.28372277151924447
0.0,0.0,0.0,0.0,0.0,0.0,0.0,0.0,0.0,0.0,0.0,0.0,0.0,0.0,0.0,0.0,0.0,0.0,0.0,0.0,0.0,0.0,0.0,0.0,0.0,0.0,0.0,0.0,0.0,0.0,0.0,0.0,0.39580758701933827,0.39395204578725895,0.3920492296193304,0.3900973085180359,0.3880943567997142,0.3860383467577283,0.3839271418152864,0.3817584891193087,0.379530011521373,0.36762292367349253,0.3559661072230727,0.35354251418261146,0.360349175523832,0.3673971890437229,0.3647516863982203,0.36202540504598474,0.3592145878378659,0.35533861884561785,0.34859233594061473,0.34207499646746026,0.3357801012544714,0.3297012659508576,0.32383222603452355,0.3181668408124608,0.312699096536068,0.3074231087393187,0.3023331238950674,0.2974235204737196,0.2926888094787781,0.2881236345252331,0.28372277151924447,0.27948112799093044
